school_code,school_name,address,region,website_url,tuition_range,latitude,longitude,dean_url,source
KHA,Đại Học Kinh Tế Quốc Dân,"207 đường Giải Phóng, phường Bạch Mai, Hà Nội",Thành phố Hà Nội,http://www.neu.edu.vn,"Học phí đại học chính quy chương trình chuẩn: theo ngành/chương trình học năm 2026 khoảng từ 20 triệu đồng đến 28 triệu đồng/năm học (dự kiến). | Học phí đại học chính quy các chương trình tiên tiến, chương trình chất lượng cao, chương trình định hướng ứng dụng (POHE), chương trình đào tạo bằng tiếng Anh: theo ngành/chương trình học năm 2026 khoảng từ 45 triệu đồng đến 70 triệu đồng/năm học (dự ki",20.9997459,105.8434973,https://diemthi.tuyensinh247.com/de-an-tuyen-sinh/dai-hoc-kinh-te-quoc-dan-KHA.html,merged
BKA,Đại Học Bách Khoa Hà Nội,"Số 1 Đại Cồ Việt, phường Bạch Mai, Hà Nội",Thành phố Hà Nội,https://hust.edu.vn/,,21.0055269,105.8435926,https://diemthi.tuyensinh247.com/de-an-tuyen-sinh/dai-hoc-bach-khoa-ha-noi-BKA.html,merged
HTC,Học Viện Tài chính,"Số 58, Phố Lê Văn Hiến, Phường Đông Ngạc, Thành phố Hà Nội",Thành phố Hà Nội,https://hvtc.edu.vn,Học phí dự kiến với sinh viên chính quy; lộ trình tăng học phí tối đa cho từng năm: | * Học phí dự kiến năm học 2026 - 2027: | + Chương trình chuẩn tại cơ sở đào tạo chính Hà Nội: từ 20 – 35 triệu đồng/sinh viên/năm học.,21.0796876,105.7796405,https://diemthi.tuyensinh247.com/de-an-tuyen-sinh/hoc-vien-tai-chinh-HTC.html,merged
NHH,Học Viện Ngân Hàng,"12 P. Chùa Bộc, Kim Liên, Hà Nội",Thành phố Hà Nội,https://www.hvnh.edu.vn/,"Học phí dự kiến cho năm học 2026–2027 của các chương trình chi tiết như dưới đây. Đối với các năm học còn lại của khóa học, Học viện dự kiến tăng học phí theo lộ trình được quy định tại Nghị định số 238/2025/NĐ-CP ngày 03/09/2025 của Chính phủ với mức tăng không quá 15%/năm học và tuân thủ các quy định pháp luật, văn bản hướng dẫn của các cơ quan nhà nước có thẩm quyền tại từng năm học. | Với các ",21.0095119,105.8290569,https://diemthi.tuyensinh247.com/de-an-tuyen-sinh/hoc-vien-ngan-hang-NHH.html,merged
NTH,Trường Đại học Ngoại thương,"Số 91 Phố Chùa Láng, Phường Láng, Hà Nội",Thành phố Hà Nội,http://www.ftu.edu.vn,,21.0225029,105.805148,https://diemthi.tuyensinh247.com/de-an-tuyen-sinh/dai-hoc-ngoai-thuong-co-so-phia-bac-NTH.html,merged
QSB,Trường Đại Học Bách Khoa HCM,"- Cơ sở 1: 268 Lý Thường Kiệt, Phường Diên Hồng, TP. HCM - Cơ sở 2: Khu phố Tân Lập, Phường Đông Hòa, TP. HCM",Dĩ An,www.aao.hcmut.edu.vn/tuyen_sinh/index.html,Học phí thu theo học kỳ với số tín chỉ tối đa là 18 tín chỉ/học kỳ. Phần tín chỉ vượt được tính theo đơn giá tín chỉ. Một năm học có 02 học kỳ chính. Học phí các học kỳ phụ (nếu sinh viên có nhu cầu học) thu theo đơn giá tín chỉ. | (Đơn vị tính: 1.000 đồng/năm/sinh viên),10.8811139,106.8060415,https://diemthi.tuyensinh247.com/de-an-tuyen-sinh/dai-hoc-bach-khoa-hcm-QSB.html,merged
YHB,Trường Đại Học Y Hà Nội,"01 Tôn Thất Tùng, P. Kim Liên, Hà Nội",Thành phố Hà Nội,https://hmu.edu.vn/,Dự kiến mức học phí đại học hệ chính quy năm học 2026-2027 như sau:,21.0022278,105.8313173,https://diemthi.tuyensinh247.com/de-an-tuyen-sinh/dai-hoc-y-ha-noi-YHB.html,merged
BVH,Học Viện Công Nghệ Bưu Chính Viễn Thông,"Số 96A Trần Phú, phường Hà Đông, thành phố Hà Nội.",Thành phố Hà Nội,https://ptit.edu.vn/,"Học phí Học phí dự kiến với sinh viên chính quy: Học phí trình độ đại hệ chính quy chương trình đại trà năm học 2026-2027 dự kiến: trung bình từ khoảng 35,9 triệu đồng/năm đến 40,7 triệu đồng/năm tùy theo từng ngành/ chương trình học (Trung bình bằng khoảng 75% đến 85% mức trần học phí theo quy định của Nhà nước); Học phí chương trình chất lượng cao trình độ đại học năm học 2026-2027: mức thu học ",20.9809427,105.7870861,https://diemthi.tuyensinh247.com/de-an-tuyen-sinh/hoc-vien-cong-nghe-buu-chinh-vien-thong-phia-bac-BVH.html,merged
SPH,Trường Đại Học Sư Phạm Hà Nội,"Số 136 Xuân Thuỷ, Phường Cầu Giấy, Hà Nội",Thành phố Hà Nội,www.hnue.edu.vn,,21.0390039,105.7842623,https://diemthi.tuyensinh247.com/de-an-tuyen-sinh/dai-hoc-su-pham-ha-noi-SPH.html,merged
TMU,Trường Đại Học Thương Mại,"Số 79 Hồ Tùng Mậu, Từ Liêm, Hà Nội",Thành phố Hà Nội,https://tmu.edu.vn/,,21.0364694,105.7751597,https://diemthi.tuyensinh247.com/de-an-tuyen-sinh/dai-hoc-thuong-mai-TMU.html,merged
SPS,Trường Đại Học Sư Phạm TPHCM,"280 An Dương Vương, Phường 4, Quận 5, TP. Hồ Chí Minh",Thủ Đức,http://hcmup.edu.vn,,10.7614399,106.6821537,https://diemthi.tuyensinh247.com/de-an-tuyen-sinh/dai-hoc-su-pham-tphcm-SPS.html,merged
YDS,Đại Học Y Dược TPHCM,"217 Hồng Bàng, Phường Chợ Lớn, TP. Hồ Chí Minh",Thủ Đức,https://ump.edu.vn.,Học phí dự kiến: | TT | Tên ngành,10.755264,106.6629435,https://diemthi.tuyensinh247.com/de-an-tuyen-sinh/dai-hoc-y-duoc-tphcm-YDS.html,merged
QHI,Trường Đại Học Công Nghệ – Đại Học Quốc Gia Hà Nội,"144 Xuân Thủy, Cầu Giấy, Hà Nội",,https://uet.vnu.edu.vn/,STT | Mã tuyển sinh | Ngành/chương trình,,,https://diemthi.tuyensinh247.com/de-an-tuyen-sinh/dai-hoc-cong-nghe-dai-hoc-quoc-gia-ha-noi-QHI.html,merged
HNM,Trường Đại học Thủ Đô Hà Nội,"Số 98 Phố Dương Quảng Hàm, Phường Nghĩa Đô, TP. Hà Nội",Thành phố Hà Nội,https://hnmu.edu.vn/,,20.8645623,105.8646487,https://diemthi.tuyensinh247.com/de-an-tuyen-sinh/dai-hoc-thu-do-ha-noi-HNM.html,merged
GHA,Trường Đại Học Giao Thông Vận Tải,"Số 3 phố Cầu Giấy, Phường Láng, TP. Hà Nội.",Thành phố Hà Nội,tuyensinh.utc.edu.vn,,21.027598,105.8026539,https://diemthi.tuyensinh247.com/de-an-tuyen-sinh/dai-hoc-giao-thong-van-tai-co-so-phia-bac-GHA.html,merged
YTB,Trường Đại Học Y Dược Thái Bình,"Số 373, Lý Bôn, phường Trần Lãm, tỉnh Hưng Yên",Tỉnh Hưng Yên,https://tbump.edu.vn/,Học phí dự kiến với sinh viên chính quy; lộ trình tăng học phí tối đa cho từng năm | Dự kiến mức thu học phí năm học 2026-2027 đối với các khóa tuyển sinh năm 2026 như sau: | Ngành Y khoa: 65.000.000 đồng/năm học.,20.4429316,106.3400605,https://diemthi.tuyensinh247.com/de-an-tuyen-sinh/dai-hoc-y-duoc-thai-binh-YTB.html,merged
KMA,Học Viện Kỹ Thuật Mật Mã,141 Đường Chiến Thắng - Phường Thanh Liệt - TP. Hà Nội,Thành phố Hà Nội,https://actvn.edu.vn/,– Học phí (dự kiến): 595.000VNĐ/tín chỉ. | – Lộ trình tăng học phí tối đa cho từng năm: Theo quy định của Chính phủ cho các trường công lập tại Nghị định số 81/2021/NĐ-CP ngày 27 tháng 8 năm 2021 của Thủ tướng Chính phủ ban hành và Nghị định số 97/2023/NĐ-CP ngày 31 tháng 12 năm 2023 của Thủ tướng Chính phủ ban hành về sửa đổi bổ sung Nghị định số 81/2021/NĐ-CP ngày 27 tháng 8 năm 2021 và Nghị địn,20.9808209,105.7960754,https://diemthi.tuyensinh247.com/de-an-tuyen-sinh/hoc-vien-ky-thuat-mat-ma-KMA.html,merged
DCN,Đại Học Công Nghiệp Hà Nội,"Số 298 Đường Cầu Diễn, Phường Tây Tựu, Thành phố Hà Nội",Thành phố Hà Nội,https://www.haui.edu.vn/,"- Học phí được xác định theo số tín chỉ học tập trong học kỳ, đơn giá học phí tín chỉ; | - Đơn giá học phí tín chỉ năm học 2026-2027: đối với chương trình đào tạo chuẩn là 770.000 đồng/tín chỉ học phí, đối với chương trình đào tạo bằng Tiếng Anh là 1.100.000 đồng/tín chỉ học phí. | Đơn giá học phí các năm học tiếp theo được điều chỉnh theo quy định của Nhà nước và của Đại học Công nghiệp Hà Nội;",21.0542531,105.735039,https://diemthi.tuyensinh247.com/de-an-tuyen-sinh/dai-hoc-cong-nghiep-ha-noi-DCN.html,merged
YPB,Trường Đại Học Y Dược Hải Phòng,"Số 72A Nguyễn Bỉnh Khiêm, Phường Gia Viên, Hải Phòng",Phường Gia Viên,http://hpmu.edu.vn,,20.8430962,106.6977704,https://diemthi.tuyensinh247.com/de-an-tuyen-sinh/dai-hoc-y-duoc-hai-phong-YPB.html,merged
IUH,Trường Đại Học Công Nghiệp TPHCM,"Số 12 Nguyễn Văn Bảo, P. Hạnh Thông, Thành phố Hồ Chí Minh",Thủ Đức,https://www.iuh.edu.vn/,"Năm 2024 khối ngành Kinh tế 32.850.000 vnd/1 năm. Khối công nghệ kỹ thuật 33.500.000 vnđ/1 năm. Riêng ngành Dược học: 53.580.000 vnđ/1 năm, dự kiến học phí tăng tối đa cho từng năm không quá 10%.",10.8228183,106.6855887,https://diemthi.tuyensinh247.com/de-an-tuyen-sinh/dai-hoc-cong-nghiep-tphcm-IUH.html,merged
HPN,Học Viện Phụ Nữ Việt Nam,"68 Nguyễn Chí Thanh, Phường Láng, Hà Nội",Thành phố Hà Nội,www.hvpnvn.edu.vn,"Theo quy định của Nhà nước cho các trường đại học công lập: Dự kiến 550.000 – 605.000 VNĐ/tín chỉ hệ đại học chính quy (tùy thuộc từng ngành/ chương trình đào tạo). Học phí có sự điều chỉnh theo năm học, theo quy định của Nhà nước đối với các trường tự chủ hoàn toàn chi thường xuyên.",21.0195344,105.8074078,https://diemthi.tuyensinh247.com/de-an-tuyen-sinh/hoc-vien-phu-nu-viet-nam-HPN.html,merged
DKH,Trường Đại Học Dược Hà Nội,"Số 13 - 15 Lê Thánh Tông, Hoàn Kiếm, TP Hà Nội.",Thành phố Hà Nội,https://hup.edu.vn/,,21.0211244,105.8591481,https://diemthi.tuyensinh247.com/de-an-tuyen-sinh/dai-hoc-duoc-ha-noi-DKH.html,merged
ANH,Học Viện An Ninh Nhân Dân,"125 Trần Phú, Văn Quán, Hà Đông, Hà Nội",Thành phố Hà Nội,https://hvannd.edu.vn,,20.9806128,105.7919886,https://diemthi.tuyensinh247.com/de-an-tuyen-sinh/hoc-vien-an-ninh-nhan-dan-ANH.html,merged
DKY,Trường Đại Học Kỹ Thuật Y Tế Hải Dương,"Số 1, Đường Vũ Hựu, Phường Lê Thanh Nghị, Thành phố Hải Phòng",Phường Lê Thanh Nghị,http://www.hmtu.edu.vn,"Theo Nghị định số 97/2023/NĐ-CP ngày 31 tháng 12 năm 2023 của Chính phủ sửa đổi, bổ sung một số điều của Nghị định số 81/2021/NĐ-CP ngày 27 tháng 8 năm 2021 của Chính phủ quy định về cơ chế thu, quản lý học phí đối với cơ sở giáo dục thuộc hệ thống giáo dục quốc dân và chính sách miễn, giảm học phí, hỗ trợ chi phí học tập; giá dịch vụ trong lĩnh vực giáo dục, đào tạo. Trường Đại học Kỹ thuật Y tế ",20.9390722,106.3049346,https://diemthi.tuyensinh247.com/de-an-tuyen-sinh/dai-hoc-ky-thuat-y-te-hai-duong-DKY.html,merged
UTH,Trường Đại Học Giao Thông Vận Tải TPHCM,": 234 - 236 Đường Số 1, Phường An Lạc, TP Hồ Chí Minh",Thủ Đức,https://uth.edu.vn/,Học phí đối với sinh viên hình thức đào tạo chính quy tuyển sinh khóa tuyển sinh năm 2026 theo đơn vị tín chỉ như sau: | - Chương trình chuẩn: 515.000 VNĐ/tín chỉ; | - Chương trình tiên tiến: 1.120.000 VNĐ/tín chỉ;,10.8066342,106.7160731,https://diemthi.tuyensinh247.com/de-an-tuyen-sinh/dai-hoc-giao-thong-van-tai-tphcm-UTH.html,merged
HYD,Học Viện Y Dược Học Cổ Truyền Việt Nam,Số 2 - Trần Phú - Đại Mỗ - Hà Nội,Thành phố Hà Nội,www.vutm.edu.vn,"Học phí | Từ năm học 2026-2027, Học viện thực hiện thu học phí theo lộ trình quy định tại Nghị định số 238/2025/NĐ-CP ngày 03/09/2025 của Chính phủ quy định về chính sách học phí, miễn, giảm, hỗ trợ học phí, hỗ trợ chi phí học tập và giá dịch vụ trong lĩnh vực giáo dục, đào tạo. Dự kiến như sau: | Lộ trình điều chỉnh học phí hằng năm theo quy định chung và theo quyết định loại hình tự chủ tài chín",20.984658,105.7924582,https://diemthi.tuyensinh247.com/de-an-tuyen-sinh/hoc-vien-y-duoc-hoc-co-truyen-viet-nam-HYD.html,merged
CSH,Học Viện Cảnh Sát Nhân Dân,"Phố Phạm Văn Nghị, phường Đông Ngạc, thành phố Hà Nội.",Thành phố Hà Nội,http://www.hvcsnd.edu.vn,,21.0669489,105.7644355,https://diemthi.tuyensinh247.com/de-an-tuyen-sinh/hoc-vien-canh-sat-nhan-dan-CSH.html,merged
DKK,Trường Đại Học Kinh Tế Kỹ Thuật Công Nghiệp,"Cơ sở Hà Nội: Số 454-456 Minh Khai, Phường Vĩnh Tuy, TP. Hà Nội Số 218 Lĩnh Nam, Phường Hoàng Mai, TP. Hà Nội",Thành phố Hà Nội,http://www.uneti.edu.vn,,20.9957502,105.8656037,https://diemthi.tuyensinh247.com/de-an-tuyen-sinh/dai-hoc-kinh-te-ky-thuat-cong-nghiep-DKK.html,merged
DCT,Trường Đại Học Công Thương TPHCM,"140 Lê Trọng Tấn, P.Tây Thạnh, TP.HCM",Thuận An,https://ts.huit.edu.vn,Học phí STT Ngành Tổng số tiền học phí toàn khóa học 1 Công nghệ thực phẩm Kỹ sư 143.208.000 Cử nhân 114.456.000 2 Đảm bảo chất lượng và An toàn thực phẩm Kỹ sư 143.916.000 Cử nhân 115.400.000 3 Công nghệ chế biến thủy sản Kỹ sư 141.084.000 Cử nhân 112.568.000 4 Quản trị kinh doanh thực phẩm Cử nhân 112.096.000 5 Quản trị kinh doanh Cử nhân 113.040.000 6 Kinh doanh quốc tế Cử nhân 112.804.000 7 Ma,10.8070354,106.6287031,https://diemthi.tuyensinh247.com/de-an-tuyen-sinh/dai-hoc-cong-thuong-tphcm-DCT.html,merged
LAH,Trường Sĩ Quan Lục Quân 1 - Đại học Trần Quốc Tuấn,"Xã Đoài Phương, Thành phố Hà Nội",,http://www.sqlq1.edu.vn/Portal/TrangChu.html,,,,https://diemthi.tuyensinh247.com/de-an-tuyen-sinh/truong-si-quan-luc-quan-1-dai-hoc-tran-quoc-tuan-LAH.html,merged
HQH,Học Viện Hải Quân,"Số 30 Trần Phú, Phường Nha Trang, Tỉnh Khánh Hòa",Tỉnh Khánh Hòa,https://www.hocvienhaiquan.edu.vn/,,12.215797,109.2045588,https://diemthi.tuyensinh247.com/de-an-tuyen-sinh/hoc-vien-hai-quan-HQH.html,merged
HHK,Học Viện Hàng không Việt Nam,": 104 Nguyễn Văn Trỗi, Phường Phú Nhuận, Thành phố Hồ Chí Minh",Thủ Đức,http://www.hvcsnd.edu.vn,,10.7973804,106.6740189,https://diemthi.tuyensinh247.com/de-an-tuyen-sinh/hoc-vien-hang-khong-viet-nam-HHK.html,merged
PKA,Đại Học Phenikaa,Đường Nguyễn Trác - Phường Dương Nội - Hà Nội,Thành phố Hà Nội,https://phenikaa-uni.edu.vn/vi,Học phí,20.9611686,105.7476241,https://diemthi.tuyensinh247.com/de-an-tuyen-sinh/dai-hoc-phenikaa-PKA.html,merged
PKH,Học Viện Phòng Không – Không Quân,Đoài Phương - Hà Nội,Thành phố Hà Nội,http://www.hocvienpkkq.com,Thí sinh không phải đóng học phí trong quá trình học tập.,21.0991351,105.4828049,https://diemthi.tuyensinh247.com/de-an-tuyen-sinh/hoc-vien-phong-khong-khong-quan-PKH.html,merged
CSS,Trường Đại Học Cảnh Sát Nhân Dân,"36 Nguyễn Hữu Thọ, phường Tân Hưng, TP.HCM",Thủ Đức,https://dhcsnd.edu.vn,,10.7355982,106.6978402,https://diemthi.tuyensinh247.com/de-an-tuyen-sinh/dai-hoc-canh-sat-nhan-dan-CSS.html,merged
TTH,Trường Sĩ Quan Thông Tin - Hệ Quân sự - Đại Học Thông Tin Liên Lạc,"Số 101 Mai Xuân Thưởng, Phường Bắc Nha Trang, Tỉnh Khánh Hòa",,https://tcu.edu.vn/,"- Thí sinh trúng tuyển vào các trường Quân đội được bảo đảm về ăn, ở, mặc; không phải nộp tiền, không phải đóng học phí; hằng tháng tất cả học viên được cấp phụ cấp sinh hoạt; được sử dụng miễn phí cơ sở vật chất của nhà trường cho học tập, rèn luyện, nghiên cứu khoa học; được cấp phát không thu tiền trang thiết bị đồ dùng phục vụ cho học tập.",,,https://diemthi.tuyensinh247.com/de-an-tuyen-sinh/truong-si-quan-thong-tin-he-quan-su-dai-hoc-thong-tin-lien-lac-TTH.html,merged
NHF,Trường Đại Học Hà Nội,"Km9, đường Nguyễn Trãi, phường Đại Mỗ, Hà Nội",Thành phố Hà Nội,https://www.hanu.vn/,1. Đối với các chương trình tiêu chuẩn: | - Nhóm chuyên ngành giảng dạy bằng ngoại ngữ: | + Các học phần thuộc khối kiến thức giáo dục đại cương: 860.000đ/tín chỉ.,20.9892907,105.7952526,https://diemthi.tuyensinh247.com/de-an-tuyen-sinh/dai-hoc-ha-noi-NHF.html,merged
KQH,Học Viện Kỹ Thuật Quân Sự - Hệ Quân sự,"Số 236, đường Hoàng Quốc Việt, Quận Bắc Từ Liêm, Thành phố Hà Nội",,http://www.mta.edu.vn,"Đối với học viên quân sự: Khi thí sinh trúng tuyển và nhập học trở thành học viên của Học viện, học viên được bao cấp toàn bộ về kinh phí đào tạo, đồng thời được nhận phụ cấp sinh hoạt hàng tháng theo quy định của Bộ Quốc phòng",,,https://diemthi.tuyensinh247.com/de-an-tuyen-sinh/hoc-vien-ky-thuat-quan-su-he-quan-su-KQH.html,merged
YTC,Trường Đại Học Y Tế Công Cộng,"Số 1A, đường Đức Thắng, phường Đông Ngạc, Thành phố Hà Nội",Thành phố Hà Nội,http://www.hsph.edu.vn,STT | Nội dung | Dự kiến học phí năm học 2026-2027,21.0821112,105.7799919,https://diemthi.tuyensinh247.com/de-an-tuyen-sinh/dai-hoc-y-te-cong-cong-YTC.html,merged
HQT,Học Viện Ngoại Giao,"Số 69 Phố Chùa Láng, Đống Đa, Hà Nội",Thành phố Hà Nội,https://dav.edu.vn/,"Chính sách học phí được Học viện Ngoại giao thực hiện theo Nghị định  238/2025/NĐ-CP do Chính phủ ban hành ngày 03/09/2025 quy định về chính sách học  phí, miễn, giảm, hỗ trợ học phí, hỗ trợ chi phí học tập và giá dịch vụ trong lĩnh vực giáo  dục, đào tạo. Cụ thể: | Mức học phí dự kiến năm học 2026-2027 của các ngành đào tạo như sau: | - Đối với các ngành Quan hệ quốc tế, Kinh tế quốc tế, Luật quố",21.0225728,105.8062739,https://diemthi.tuyensinh247.com/de-an-tuyen-sinh/hoc-vien-ngoai-giao-HQT.html,merged
ANS,Trường Đại Học An Ninh Nhân Dân,"Km18 Xa Lộ Hà Nội, Phường Linh Xuân, Thành phố Hồ Chí Minh.",Thủ Đức,https://dhannd.edu.vn,,10.8724523,106.8049333,https://diemthi.tuyensinh247.com/de-an-tuyen-sinh/dai-hoc-an-ninh-nhan-dan-ANS.html,merged
YCT,Trường Đại Học Y Dược Cần Thơ,"Số 179, đường Nguyễn Văn Cừ, P. Tân An, TP. Cần Thơ",Thành phố Cần Thơ,https://www.ctump.edu.vn/,Học phí dự kiến với sinh viên đại học chính quy: | TT | Ngành,10.0360295,105.7522077,https://diemthi.tuyensinh247.com/de-an-tuyen-sinh/dai-hoc-y-duoc-can-tho-YCT.html,merged
TDM,Trường Đại học Thủ Dầu Một,"Số 06, Trần Văn Ơn, Phường Phú Lợi, TP Hồ Chí Minh",Thành phố Hồ Chí Minh,https://tdmu.edu.vn/,,10.9804721,106.6744866,https://diemthi.tuyensinh247.com/de-an-tuyen-sinh/dai-hoc-thu-dau-mot-TDM.html,merged
TYS,Trường Đại Học Y Khoa Phạm Ngọc Thạch,"Số 02 Dương Quang Trung, Phường 12, Quận 10, Thành phố Hồ Chí Minh.",Thủ Đức,http://www.pnt.edu.vn,"Học phí dự kiến năm học 2026 – 2027 căn cứ theo thông báo được đăng tại địa chỉ https://www.pnt.edu.vn/vi/thong-bao/ , cụ thể như sau:",10.7728868,106.666188,https://diemthi.tuyensinh247.com/de-an-tuyen-sinh/dai-hoc-y-khoa-pham-ngoc-thach-TYS.html,merged
DTL,Trường Đại Học Thăng Long,"Đường Nghiêm Xuân Yêm, phường Đại Kim, quận Hoàng Mai, Hà Nội",Thành phố Hà Nội,https://thanglong.edu.vn/,Học phí đại học chính quy năm học 2026 - 2027 theo từng ngành/chương trình đào tạo khoảng từ 35.1 triệu đồng đến 54 triệu đồng/năm học (dự kiến). | Lộ trình tăng học phí cho từng năm thực hiện theo Nghị định số 238/NĐ-CP ngày 03/9/2025 của Chính Phủ.,20.9758864,105.8157076,https://diemthi.tuyensinh247.com/de-an-tuyen-sinh/dai-hoc-thang-long-DTL.html,merged
TLA,Trường Đại Học Thủy Lợi,"Số 175 Tây Sơn, P. Kim Liên, Hà Nội",Thành phố Hà Nội,https://www.tlu.edu.vn/,,21.0069895,105.825101,https://diemthi.tuyensinh247.com/de-an-tuyen-sinh/dai-hoc-thuy-loi-co-so-1-TLA.html,merged
QST,Trường Đại Học Khoa Học Tự Nhiên TPHCM,"Cơ sở 1: 227 đường Nguyễn Văn Cừ, Phường Chợ Quán, Thành phố Hồ Chí Minh Cơ sở 2: Khu đô thị Đại học Quốc gia Thành phố Hồ Chí Minh, Phường Đông Hoà, Thành phố Hồ Chí Minh",Dĩ An,http://www.hcmus.edu.vn,Học phí,10.8762276,106.7968525,https://diemthi.tuyensinh247.com/de-an-tuyen-sinh/dai-hoc-khoa-hoc-tu-nhien-tphcm-QST.html,merged
VHH,Trường Đại Học Văn Hóa Hà Nội,418 Đường La Thành - Phường Ô Chợ Dừa - Hà Nội - Việt Nam,Thành phố Hà Nội,https://huc.edu.vn/,"Học phí Nhà trường áp dụng học phí và lộ trình tăng học phí tối đa cho từng năm theo Nghị định số 238/2025/NĐ-CP ngày 03/09/2025 của Thủ tướng Chính phủ quy định về chính sách học phí, miễn, giảm, hỗ trợ học phí, hỗ trợ chi phí học tập và giá dịch vụ trong lĩnh vực giáo dục, đào tạo. Năm học 2025-2026, học phí đối với sinh viên hệ Đại học Chính quy là 497.000đ/01 tín chỉ.",21.0239209,105.8228,https://diemthi.tuyensinh247.com/de-an-tuyen-sinh/dai-hoc-van-hoa-ha-noi-VHH.html,merged
DTT,Trường Đại Học Tôn Đức Thắng,"Số 19 Nguyễn Hữu Thọ, phường Tân Hưng, TP. Hồ Chí Minh",Thủ Đức,https://www.tdtu.edu.vn/,CHƯƠNG TRÌNH TIÊU CHUẨN | Nhóm ngành | Tên ngành,10.7320052,106.6984654,https://diemthi.tuyensinh247.com/de-an-tuyen-sinh/dai-hoc-ton-duc-thang-DTT.html,merged
HVN,Học Viện Nông Nghiệp Việt Nam,236 phố,Thành phố Hà Nội,https://vnua.edu.vn/,,21.009802,105.9317588,https://diemthi.tuyensinh247.com/de-an-tuyen-sinh/hoc-vien-nong-nghiep-viet-nam-HVN.html,merged
QHX,Trường Đại Học Khoa Học Xã Hội và Nhân Văn Hà Nội,"336 Nguyễn Trãi, Thanh Xuân, Hà Nội",Thành phố Hà Nội,http://ussh.vnu.edu.vn,TT | Mã HĐ | Tên ngành,20.9954963,105.8071391,https://diemthi.tuyensinh247.com/de-an-tuyen-sinh/dai-hoc-khoa-hoc-xa-hoi-va-nhan-van-ha-noi-QHX.html,merged
LPH,Trường Đại Học Luật Hà Nội,"87 Nguyễn Chí Thanh, P. Giảng Võ, HN",Tỉnh Bắc Ninh,https://hlu.edu.vn/,"Học phí dự kiến - Đối với sinh viên học các chương trình tiêu chuẩn: năm học 2026-2027 mức thu học phí dự kiến là 840.000 đ/tín chỉ. Thu 5 tháng/học kỳ, 40 tháng/khoá học, 140 tín chỉ/khóa học. - Đối với sinh viên Chương trình đào tạo chất lượng cao: năm học 2026-2027 mức thu học phí dự kiến là 840.000 đ/tín chỉ đối với các học phần thực tập chuyên môn, khoá luận tốt nghiệp, giáo dục quốc phòng - ",21.1324968,105.9736203,https://diemthi.tuyensinh247.com/de-an-tuyen-sinh/dai-hoc-luat-ha-noi-LPH.html,merged
QHF,Trường Đại Học Ngoại Ngữ - ĐH Quốc gia Hà Nội,"Số 2 đường Phạm Văn Đồng, Phường Cầu Giấy, Hà Nội",,https://ulis.vnu.edu.vn/,"– Căn cứ Nghị định 238/2025/NĐ-CP ngày 03/9/2025 của Thủ tướng Chính phủ quy định về chính sách học phí, miễn, giảm, hỗ trợ học phí, hỗ trợ chi phí học tập và giá dịch vụ trong lĩnh vực giáo dục, đào tạo. | – Chương trình đào tạo trình độ đại học theo đề án của Trường Đại học Ngoại ngữ, ĐHQGHN bao gồm các chương trình ngành Ngôn ngữ Anh, Ngôn ngữ Pháp, Ngôn ngữ Trung Quốc, Ngôn ngữ Đức, Ngôn ngữ N",,,https://diemthi.tuyensinh247.com/de-an-tuyen-sinh/dai-hoc-ngoai-ngu-ha-noi-QHF.html,merged
HBT,Học viện Báo chí và Tuyên truyền,"Số 36 Đường Xuân Thuỷ, Phường Cầu Giấy, TP. Hà Nội",Thành phố Hà Nội,http://www.ajc.hcma.vn,"Học phí dự kiến với sinh viên chính quy khóa 46 (2026 – 2030) - Các chương trình đào tạo giảng viên lý luận chính trị: Triết học, Chủ nghĩa xã hội khoa học, Kinh tế chính trị, Lịch sử Đảng Cộng sản Việt Nam, Tư tưởng Hồ Chí Minh: miễn học phí. | - Các chương trình đào tạo hệ đại trà, dự kiến: 558.800đ/tín chỉ (chưa bao gồm 13 tín chỉ Giáo dục thể chất, Giáo dục Quốc phòng - An ninh). | - Các chươn",21.0375674,105.7888489,https://diemthi.tuyensinh247.com/de-an-tuyen-sinh/hoc-vien-bao-chi-va-tuyen-truyen-HBT.html,merged
QHT,Trường Đại Học Khoa Học Tự Nhiên Hà Nội,334 Nguyễn Trãi - Thanh Xuân - Hà Nội,Thành phố Hà Nội,https://hust.edu.vn/,"Học phí dự kiến với sinh viên chính quy, lộ trình tăng học phí | Các chương trình đào tạo đã kiểm định chất lượng thu theo đề án định mức kinh tế kỹ thuật và lộ trình tăng học phí các năm học tiếp theo không quá 10% so với các năm học trước. Các chương trình đào tạo còn lại sẽ thu theo quy định của Nghị định 238/2025/NĐ- CP của Thủ tướng Chính phủ quy định về cơ chế thu, quản lý học phí đối với cơ",20.9959221,105.8079524,https://diemthi.tuyensinh247.com/de-an-tuyen-sinh/dai-hoc-khoa-hoc-tu-nhien-dai-hoc-quoc-gia-ha-noi-QHT.html,merged
QHE,Trường Đại Học Kinh Tế - ĐHQG Hà Nội,"144 đường Xuân Thủy, Cầu Giấy, Hà Nội",,http://ueb.vnu.edu.vn,1. Sinh viên đại học chính quy trong nước | Mức học phí dự kiến áp dụng cho khóa tuyển sinh năm 2026 như sau: | + Năm học 2026-2027: 4.800.000 đồng/tháng (tương đương 48.000.000 đồng/năm),,,https://diemthi.tuyensinh247.com/de-an-tuyen-sinh/dai-hoc-kinh-te-ha-noi-QHE.html,merged
QSX,Trường Đại Học Khoa Học Xã Hội và Nhân Văn TPHCM,"Trường Đại học Khoa học Xã hội và Nhân văn (cơ sở 2), Hàn Thuyên, Khu đô thị Đại học Quốc gia Thành phố Hồ Chí Minh, Phường Linh Xuân, Dĩ An, Thành phố Hồ Chí Minh, 00084, Việt Nam",Dĩ An,,,10.8710298,106.801581,https://diemthi.tuyensinh247.com/de-an-tuyen-sinh/dai-hoc-khoa-hoc-xa-hoi-va-nhan-van-tphcm-QSX.html,merged
DTS,Đại Học Sư Phạm Thái Nguyên,"Số 20, đường Lương Ngọc Quyến, Phường Phan Đình Phùng - Tỉnh Thái Nguyên",Tỉnh Thái Nguyên,http://www.tnu.edu.vn/,Học phí Mức thu học phí trình độ đại học chính quy Năm học 2026 - 2027 Các năm học từ năm 2027 trở đi Học phí chính quy tính theo tín chỉ 470.000 đ/sinh viên/tín chỉ theo lộ trình và quy định của Bộ GD&ĐT Học phí chính quy tính theo niên chế 1.790.000 đ/sinh viên/tháng theo lộ trình và quy định của Bộ GD&ĐT,21.5986052,105.8216274,https://diemthi.tuyensinh247.com/de-an-tuyen-sinh/dai-hoc-su-pham-thai-nguyen-DTS.html,merged
LCH,Trường Sĩ Quan Chính Trị - Đại Học Chính Trị,,,http://daihocchinhtri.edu.vn/,,,,https://diemthi.tuyensinh247.com/de-an-tuyen-sinh/truong-si-quan-chinh-tri-dai-hoc-chinh-tri-LCH.html,merged
TCT,Đại Học Cần Thơ,"Khu 2, Đường 3/2, Phường Ninh Kiều, TP. Cần Thơ",Thành phố Cần Thơ,https://www.ctu.edu.vn,,10.0321492,105.7683051,https://diemthi.tuyensinh247.com/de-an-tuyen-sinh/dai-hoc-can-tho-TCT.html,merged
DKS,Trường Đại học Kiểm Sát,"Số 59, ngõ 230, đường Ỷ La, phường Dương Nội, quận Hà Đông, TP. Hà Nội",Thành phố Hà Nội,https://www.facebook.com/daihockiemsathanoi/,Học phí Ngành Học phí/năm Luật – chuyên ngành Kiểm sát 24.100.000 Luật 21.770.000 Luật kinh tế 17.900.000 Ngôn ngữ Anh 19.100.000,20.9686814,105.7472014,https://diemthi.tuyensinh247.com/de-an-tuyen-sinh/dai-hoc-kiem-sat-DKS.html,merged
BPH,Học Viện Biên Phòng,Phường Tùng Thiện - Tp Hà Nội,Thành phố Hà Nội,http://www.hvbp.edu.vn/,,21.1135755,105.4930333,https://diemthi.tuyensinh247.com/de-an-tuyen-sinh/hoc-vien-bien-phong-BPH.html,merged
QHL,Trường Đại học Luật – ĐHQG Hà Nội,"Toà nhà E1, 144 Xuân Thuỷ, Cầu Giấy, Hà Nội",,https://law.vnu.edu.vn,Học phí: dự kiến mức học phí đối với khóa tuyển sinh ĐHCQ năm 2026 | TT | Nội dung,,,https://diemthi.tuyensinh247.com/de-an-tuyen-sinh/dai-hoc-luat-dai-hoc-quoc-gia-ha-noi-QHL.html,merged
DHS,Trường Đại Học Sư Phạm Huế,Số 34 Lê Lợi - Tp Huế,Phường Thuận Hóa,https://www.dhsphue.edu.vn/,,16.4678549,107.5920178,https://diemthi.tuyensinh247.com/de-an-tuyen-sinh/dai-hoc-su-pham-hue-DHS.html,merged
QSC,Trường Đại Học Công Nghệ Thông Tin - ĐHQG TPHCM,"Khu phố 34, Phường Linh Xuân, Thành phố Hồ Chí Minh.",Dĩ An,http://www.uit.edu.vn,Học phí dự kiến; lộ trình tăng học phí tối đa cho từng năm: | Chính sách hỗ trợ người học: | Hỗ trợ tài chính:,10.8702426,106.8017928,https://diemthi.tuyensinh247.com/de-an-tuyen-sinh/dai-hoc-cong-nghe-thong-tin-dhqg-tphcm-QSC.html,merged
SGD,Trường Đại Học Sài Gòn,"273 An Dương Vương, Phường 3, Quận 5, TP. HCM.",Thủ Đức,https://www.sgu.edu.vn/,"1. Học phí | Học phí dự kiến đối với các ngành, chương trình đào tạo: Thí sinh xem chi tiết tại Phụ lục 6 . | 2. Về chế độ miễn giảm học phí và học bổng",10.7832852,106.7063916,https://diemthi.tuyensinh247.com/de-an-tuyen-sinh/dai-hoc-sai-gon-SGD.html,merged
NQH,Học Viện Khoa Học Quân Sự - Hệ Quân sự,"Hoài Đức, Hà Nội",,http://www.hocvienkhqs.edu.vn,,,,https://diemthi.tuyensinh247.com/de-an-tuyen-sinh/hoc-vien-khoa-hoc-quan-su-he-quan-su-NQH.html,merged
NTS,Trường Đại học Ngoại thương (Cơ sở II),"Số 15, đường D5, P. 25, Q. Bình Thạnh, TP Hồ Chí Minh",,https://cs2.ftu.edu.vn,,,,https://diemthi.tuyensinh247.com/de-an-tuyen-sinh/dai-hoc-ngoai-thuong-co-so-phia-nam-NTS.html,merged
HTA,Học viện Tòa án,"Đường 282 Kim Sơn, Gia Lâm, Hà Nội.",Tỉnh Bắc Ninh,http://hvta.toaan.gov.vn/,,21.0268911,105.9979559,https://diemthi.tuyensinh247.com/de-an-tuyen-sinh/hoc-vien-toa-an-HTA.html,merged
DDS,Trường Đại Học Sư Phạm - Đại Học Đà Nẵng,"459 Tôn Đức Thắng, phường Hòa Khánh, thành phố Đà Nẵng.",Thành phố Đà Nẵng,https://ued.udn.vn/,,16.0616498,108.1591151,https://diemthi.tuyensinh247.com/de-an-tuyen-sinh/dai-hoc-su-pham-dai-hoc-da-nang-DDS.html,merged
SP2,Trường Đại Học Sư Phạm Hà Nội 2,"32 Nguyễn Văn Linh, phường Xuân Hòa, tỉnh Phú Thọ",Tỉnh Phú Thọ,http://www.hpu2.edu.vn,"- Căn cứ Nghị định số 238/2025/NĐ-CP ngày 03 tháng 9 năm 2025 của | Chính phủ quy định về chính sách học phí, miễn, giảm, hỗ trợ học phí, hỗ trợ chi | phí học tập và giá dịch vụ trong lĩnh vực giáo dục, đào tạo.",21.2809471,105.7265748,https://diemthi.tuyensinh247.com/de-an-tuyen-sinh/dai-hoc-su-pham-ha-noi-2-SP2.html,merged
QHS,Trường Đại Học Giáo Dục - ĐHQG Hà Nội,,,https://education.vnu.edu.vn/,Học phí đối với sinh viên nhóm ngành ngoài sư phạm | Thực hiện theo Nghị định số 238/2025/NĐ-CP ngày 03/9/2025 của Chính phủ. | Mức học phí năm học 2026–2027:,,,https://diemthi.tuyensinh247.com/de-an-tuyen-sinh/dai-hoc-giao-duc-ha-noi-QHS.html,merged
VHS,Trường Đại Học Văn Hóa TPHCM,"Số 51 đường Quốc Hương, phường An Khánh, TP. Hồ Chí Minh.",Thủ Đức,www.hcmuc.edu.vn;,Học phí (dự kiến) | Năm học 2026-2027: 19.910.000 đồng/Sinh viên . | Ghi chú: Thu theo tín chỉ; thực hiện theo Nghị định số 238/2025/NĐ-CP của Chính phủ.,10.8054045,106.7308432,https://diemthi.tuyensinh247.com/de-an-tuyen-sinh/dai-hoc-van-hoa-tphcm-VHS.html,merged
SPK,Trường Đại Học Công nghệ Kỹ thuật TP HCM,"1-3 Võ Văn Ngân, Q.Thủ Đức, TP Hồ Chí Minh",Thủ Đức,: http://www.hcmute.edu.vn,,10.8498838,106.7724218,https://diemthi.tuyensinh247.com/de-an-tuyen-sinh/dai-hoc-cong-nghe-ky-thuat-tphcm-SPK.html,merged
HTN,Học Viện Thanh Thiếu Niên Việt Nam,"Số 58 Nguyễn Chí Thanh, Số 3 phố Chùa Láng - Phường Láng - TP. Hà Nội",Thành phố Hà Nội,https://vya.edu.vn/,,21.0223745,105.8085748,https://diemthi.tuyensinh247.com/de-an-tuyen-sinh/hoc-vien-thanh-thieu-nien-viet-nam-HTN.html,merged
YQH,Học Viện Quân Y - Hệ Quân sự,Số 160 - Đường Phùng Hưng - Phường Hà Đông - Thành phố Hà Nội,,http://www.hocvienquany.vn,,,,https://diemthi.tuyensinh247.com/de-an-tuyen-sinh/hoc-vien-quan-y-he-quan-su-YQH.html,merged
QSK,Trường Đại học Kinh Tế Luật TPHCM,"Số 669 Quốc lộ 1, Khu phố 3, Phường Linh Xuân, Thành Phố Thủ Đức, Thành Phố Hồ Chí Minh.",Thủ Đức,https://www.uel.edu.vn,,10.8713425,106.7785233,https://diemthi.tuyensinh247.com/de-an-tuyen-sinh/dai-hoc-kinh-te-luat-tphcm-QSK.html,merged
HEH,Học Viện Hậu Cần - Hệ Quân sự,"Phường Bồ Đề, Thành phố Hà Nội",,http://hocvienhaucan.edu.vn/,,,,https://diemthi.tuyensinh247.com/de-an-tuyen-sinh/hoc-vien-hau-can-he-quan-su-HEH.html,merged
LPS,Trường Đại Học Luật TPHCM,"Số 02, Nguyễn Tất Thành, phường Xóm Chiếu, Tp. Hồ Chí Minh.",Thủ Đức,https://www.hcmulaw.edu.vn/,,10.7674582,106.7054188,https://diemthi.tuyensinh247.com/de-an-tuyen-sinh/dai-hoc-luat-tphcm-LPS.html,merged
DDF,Trường Đại Học Ngoại Ngữ Đà Nẵng,"131 Lương Nhữ Hộc, Phường Cẩm Lệ, Thành phố Đà Nẵng",Thành phố Đà Nẵng,https://ufl.udn.vn/vie/,"Trường Đại học Ngoại ngữ, Đại học Đà Nẵng thực hiện mức học phí theo quy định của Nghị định số 238/2025/NĐ-CP quy định về chính sách học phí, miễn, giảm, hỗ trợ học phí, hỗ trợ chi phí học tập và giá dịch vụ trong lĩnh vực giáo dục, đào tạo; dự kiến mức thu học phí năm học 2026-2027 như sau: a. Nhóm 1: các chương trình đào tạo truyền thống (Ngôn ngữ Nga, Ngôn ngữ Pháp, Ngôn ngữ Thái Lan, Đông Phươ",16.0344538,108.2116399,https://diemthi.tuyensinh247.com/de-an-tuyen-sinh/dai-hoc-ngoai-ngu-da-nang-DDF.html,merged
KSA,Đại Học Kinh Tế TPHCM,"59C Nguyễn Ðình Chiểu, Phường Xuân Hòa, TP.HCM",Thủ Đức,https://ueh.edu.vn/,Mức học phí trung bình năm học 2026-2027 tại KSA (TP. Hồ Chí Minh) theo bảng sau. Học phí tại KSV (UEH Mekong – Vĩnh Long) tương đương 60% học phí KSA. Lộ trình điều chỉnh học phí hằng năm không quá 10%. | (Chương trình Tiếng Việt: khoảng 50 – 55 triệu đồng/năm; Chương trình Tiếng Anh bán phần: khoảng 55 – 60 triệu đồng/năm; Chương trình Tiếng Anh toàn phần: khoảng 65-75 triệu đồng/năm) | (Chương ,10.7610675,106.6685227,https://diemthi.tuyensinh247.com/de-an-tuyen-sinh/dai-hoc-kinh-te-tphcm-KSA.html,merged
QHY,Trường Đại học Y Dược - ĐHQG Hà Nội,"144 Đường Xuân Thuỷ, Cầu Giấy, Hà Nội.",,http://ump.vnu.edu.vn,,,,https://diemthi.tuyensinh247.com/de-an-tuyen-sinh/dai-hoc-y-duoc-dai-hoc-quoc-gia-ha-noi-QHY.html,merged
DDK,Trường Đại Học Bách Khoa Đà Nẵng,"54 Nguyễn Lương Bằng, phường Liên Chiểu, thành phố Đà Nẵng",Thành phố Đà Nẵng,https://dut.udn.vn/,Học phí,16.0750159,108.1527236,https://diemthi.tuyensinh247.com/de-an-tuyen-sinh/dai-hoc-bach-khoa-da-nang-DDK.html,merged
DHF,Trường Đại Học Ngoại Ngữ Huế,"57 Nguyễn Khoa Chiêm, Phường An Cựu, TP Huế",Phường An Cựu,https://huflis.edu.vn/vi/,,16.4431412,107.5997378,https://diemthi.tuyensinh247.com/de-an-tuyen-sinh/dai-hoc-ngoai-ngu-hue-DHF.html,merged
DMS,Trường Đại Học Tài Chính Marketing,"Số 778 Nguyễn Kiệm, phường Đức Nhuận, TP. Hồ Chí Minh",Thủ Đức,https://dms.ufm.edu.vn/,Học phí,10.8148672,106.8101839,https://diemthi.tuyensinh247.com/de-an-tuyen-sinh/dai-hoc-tai-chinh-marketing-DMS.html,merged
GSA,Trường Đại Học Giao Thông Vận Tải (Cơ sở 2),"Số 450-451 Lê Văn Việt, phường Tăng Nhơn Phú A, Tp. Thủ Đức, Tp. Hồ Chí Minh",,tuyensinh.utc2.edu.vn,,,,https://diemthi.tuyensinh247.com/de-an-tuyen-sinh/dai-hoc-giao-thong-van-tai-co-so-phia-nam-GSA.html,merged
TSN,Trường Đại Học Nha Trang,"S02 Nguyễn Đình Chiểu, phường Bắc Nha Trang, Khánh Hòa",Tỉnh Khánh Hòa,http://www.ntu.edu.vn,"Học phí khoảng 5 - 6 triệu đồng/1 học kỳ, tùy theo số tín chỉ SV đăng ký học. Các chương trình song ngữ Anh – Việt. Chi phí đào tạo gấp đôi chương trình chuẩn, khoảng 10 -12 triệu/học kỳ. Lộ trình tăng học phí (nếu có) thực hiện theo quy định hiên hành của Nhà nước.",12.2682208,109.2025761,https://diemthi.tuyensinh247.com/de-an-tuyen-sinh/dai-hoc-nha-trang-TSN.html,merged
LBH,Trường Sĩ Quan Lục Quân 2 - Đại học Nguyễn Huệ,"Đường số 2, khu phố Long Đức 1, Tam Phước, Đồng Nai",,,,,,https://diemthi.tuyensinh247.com/de-an-tuyen-sinh/truong-si-quan-luc-quan-2-dai-hoc-nguyen-hue-LBH.html,merged
BVS,Học Viện Công Nghệ Bưu Chính Viễn Thông (Cơ sở TP.HCM),"Số 97 Man Thiện, phường Tăng Nhơn Phú, thành phố Hồ Chí Minh.",,https://ptithcm.edu.vn/,,,,https://diemthi.tuyensinh247.com/de-an-tuyen-sinh/hoc-vien-cong-nghe-buu-chinh-vien-thong-phia-nam-BVS.html,merged
YKV,Trường Đại Học Y Khoa Vinh,161 Nguyễn Phong Sắc - Phường Trường Vinh - Tỉnh Nghệ An,Tỉnh Nghệ An,http://www.vmu.edu.vn/,"Học phí được thu theo năm học, mỗi năm tính 10 tháng. Căn cứ Quyết định số 81/QĐ-ĐHYKV ngày 16/1/2026 của Trường Đại học Y khoa Vinh, mức thu học phí năm học 2026 - 2027 đối với từng ngành đào tạo như sau: | Đơn vị: đồng/tháng/sinh viên",18.6852023,105.6984541,https://diemthi.tuyensinh247.com/de-an-tuyen-sinh/dai-hoc-y-khoa-vinh-YKV.html,merged
YDN,Trường Đại học Kỹ thuật Y Dược Đà Nẵng,"Số 99 Hùng Vương, Hải Châu, Đà Nẵng.",Thành phố Đà Nẵng,https://dhktyduocdn.edu.vn/,Học phí dự kiến với sinh viên chính quy: | Ngành Y khoa và Dược học: 50.000.000 đồng/năm. | Các ngành còn lại: 40.000.000 đồng/năm.,15.9780336,108.2465709,https://diemthi.tuyensinh247.com/de-an-tuyen-sinh/dai-hoc-ky-thuat-y-duoc-da-nang-YDN.html,merged
DTY,Trường Đại Học Y Dược Thái Nguyên,"284 Đường Lương Ngọc Quyến, Phường Phan Đình Phùng, Tỉnh Thái Nguyên",Tỉnh Thái Nguyên,https://tump.edu.vn/,,21.5882657,105.8271213,https://diemthi.tuyensinh247.com/de-an-tuyen-sinh/dai-hoc-y-duoc-thai-nguyen-DTY.html,merged
DHY,Trường Đại Học Y Dược Huế,"Số 06 Ngô Quyền, phường Vĩnh Ninh, Thành phố Huế",Phường Thuận Hóa,www.huemed-univ.edu.vn,,16.4593262,107.5877431,https://diemthi.tuyensinh247.com/de-an-tuyen-sinh/dai-hoc-y-duoc-hue-DHY.html,merged
DDY,Trường Y Dược Đà Nẵng,": Số 48 Cao Thắng, Phường Thanh Bình, Quận Hải Châu, TP. Đà Nẵng",Thành phố Đà Nẵng,https://smp.udn.vn/,,15.979047,108.2473212,https://diemthi.tuyensinh247.com/de-an-tuyen-sinh/truong-y-duoc-da-nang-DDY.html,merged
KTS,Trường Đại Học Kiến Trúc TPHCM,"Số 196 Pasteur, phường Xuân Hòa, Thành phố Hồ Chí Minh",Thủ Đức,http://www.uah.edu.vn,,10.7824169,106.6944401,https://diemthi.tuyensinh247.com/de-an-tuyen-sinh/dai-hoc-kien-truc-tphcm-KTS.html,merged
HCA,Học Viện Chính Trị Công An Nhân Dân,"Xã Sóc Sơn, TP Hà Nội",,https://hvctcand.bocongan.gov.vn/,,,,https://diemthi.tuyensinh247.com/de-an-tuyen-sinh/hoc-vien-chinh-tri-cong-an-nhan-dan-HCA.html,merged
QSY,Trường Đại học Khoa học sức khỏe TPHCM,"Tòa nhà hành chính YA1, Đường Hải Thượng Lãn Ông, Khu Đô thị ĐHQG-HCM, Phường Đông Hòa, Thành phố Hồ Chí Minh",Dĩ An,https://www.uhsvnu.edu.vn/,,10.8895137,106.7977965,https://diemthi.tuyensinh247.com/de-an-tuyen-sinh/dai-hoc-khoa-hoc-suc-khoe-tphcm-QSY.html,merged
QSQ,Trường Đại Học Quốc Tế - ĐHQG TPHCM,"Khu phố 33, phường Linh Xuân, Thành phố Hồ Chí Minh",,https://hcmiu.edu.vn/,(Số lần đóng học phí) | Ghi chú: | Ghi chú:,,,https://diemthi.tuyensinh247.com/de-an-tuyen-sinh/dai-hoc-quoc-te-dhqg-tphcm-QSQ.html,merged
THV,Trường Đại Học Hùng Vương,Phường Nông Trang - tỉnh Phú Thọ,Tỉnh Phú Thọ,www.hvu.edu.vn,,21.4031426,105.2146499,https://diemthi.tuyensinh247.com/de-an-tuyen-sinh/dai-hoc-hung-vuong-THV.html,merged
THP,Trường Đại Học Hải Phòng,"171 Phan Đăng Lưu, Hải Phòng",Phường Phù Liễn,dhhp.edu.vn,Sinh viên khối ngành đào tạo giáo viên khi đăng ký hưởng chính sách theo Nghị định 116/NĐ-CP ngày 25/9/2020 của Chính phủ thì không phải đóng học phí . | Lộ trình tăng học phí (nếu có): thực hiện theo quy định hiện hành của Nhà nước.,20.8075246,106.6204545,https://diemthi.tuyensinh247.com/de-an-tuyen-sinh/dai-hoc-hai-phong-THP.html,merged
HCP,Học Viện Chính Sách và Phát Triển,Học viện Chính sách và Phát triển – Bộ Kế hoạch và Đầu tư. Khu đô thị Nam An Khánh - Xã An Thượng – Huyện Hoài Đức – Thành phố Hà Nội.,Thành phố Hà Nội,https://apd.edu.vn/,"Học viện thu Học phí theo quy định của Nhà nước đối với trường đại học công lập tự chủ chỉ thường xuyên. Năm học 2026 – 2027, dự kiến mức học phí cho khoá tuyển sinh năm 2026 (khóa 17) cụ thể như sau: | (i) Chương trình hệ chuẩn: 28.000.000 đồng/người học/năm học | (ii) Chương trình chất lượng cao: 35.000.000 - 40.000.000 đồng/người học/năm học",20.9939492,105.7118227,https://diemthi.tuyensinh247.com/de-an-tuyen-sinh/hoc-vien-chinh-sach-va-phat-trien-HCP.html,merged
MHN,Trường Đại Học Mở Hà Nội,"Nhà B101, phố Nguyễn Hiền, phường Bạch Mai, TP Hà Nội",Thành phố Hà Nội,https://hou.edu.vn/,,21.0008112,105.8669779,https://diemthi.tuyensinh247.com/de-an-tuyen-sinh/dai-hoc-mo-ha-noi-MHN.html,merged
LDA,Trường Đại Học Công Đoàn,169 Tây Sơn - Phường Kim Liên - TP.Hà Nội,Thành phố Hà Nội,http://dhcd.edu.vn/,,21.0096842,105.8261684,https://diemthi.tuyensinh247.com/de-an-tuyen-sinh/dai-hoc-cong-doan-LDA.html,merged
HHA,Trường Đại Học Hàng Hải Việt Nam,"484 Lạch Tray, P. Lê Chân, TP. Hải Phòng",Phường Gia Viên,http://www.vimaru.edu.vn,,20.8378667,106.6952169,https://diemthi.tuyensinh247.com/de-an-tuyen-sinh/dai-hoc-hang-hai-HHA.html,merged
KTA,Trường Đại Học Kiến Trúc Hà Nội,"Số 129, đường Trần Phú, phường Hà Đông, thành phố Hà Nội",Thành phố Hà Nội,http://www.hau.edu.vn/,,20.9803939,105.7896355,https://diemthi.tuyensinh247.com/de-an-tuyen-sinh/dai-hoc-kien-truc-ha-noi-KTA.html,merged
TDV,Trường Đại Học Vinh,"182 Lê Duẩn, Phường Trường Vinh, Tỉnh Nghệ An",Tỉnh Nghệ An,https://vinhuni.edu.vn/trang-chu.html,,18.6597282,105.6971277,https://diemthi.tuyensinh247.com/de-an-tuyen-sinh/dai-hoc-vinh-TDV.html,merged
QSA,Trường Đại Học An Giang,"số 18, đường Ung Văn Khiêm, phường Long Xuyên, tỉnh An Giang",Tỉnh An Giang,http://www.agu.edu.vn,,10.3697562,105.4315441,https://diemthi.tuyensinh247.com/de-an-tuyen-sinh/dai-hoc-an-giang-QSA.html,merged
HCH,Học Viện Hành Chính và Quản trị công,"số 77 đường Nguyễn Chí Thanh, phường Giảng Võ, Hà Nội",Thành phố Hà Nội,https://www1.napa.vn/,"Các ngành: Quản lý nhà nước (và các chuyên ngành), Văn hóa học (và các chuyên ngành), Quản lý văn hóa (và chuyên ngành), Quản trị dịch vụ du lịch và lữ hành, Lưu trữ học (và chuyên ngành), Chính trị học, Xây dựng Đảng và chính quyền nhà nước, Kinh tế (và chuyên ngành): 602.000 đồng/tín chỉ. | Các ngành: Quản trị nhân lực, Quản trị văn phòng, Luật (và chuyên ngành): 564.000 đồng/tín chỉ. | Ngành Hệ",21.0229331,105.8109029,https://diemthi.tuyensinh247.com/de-an-tuyen-sinh/hoc-vien-hanh-chinh-va-quan-tri-cong-HCH.html,merged
SPD,Trường Đại Học Đồng Tháp,"783 Phạm Hữu Lầu, Phường Cao Lãnh, tỉnh Đồng Tháp",Tỉnh Đồng Tháp,https://www.dthu.edu.vn/,,10.4207885,105.6436113,https://diemthi.tuyensinh247.com/de-an-tuyen-sinh/dai-hoc-dong-thap-SPD.html,merged
QHK,Trường Khoa học liên ngành và Nghệ thuật Hà Nội,"Nhà G7, Đại học Quốc gia Hà Nội, số 144 Xuân Thủy, Cầu Giấy, Hà Nội",,https://sis.vnu.edu.vn/,"1. Học phí được tính theo tháng, hoặc theo tín chỉ với các mức như sau: | TT | Chương trình đào tạo",,,https://diemthi.tuyensinh247.com/de-an-tuyen-sinh/truong-khoa-hoc-lien-nganh-va-nghe-thuat-ha-noi-QHK.html,merged
TTN,Trường Đại Học Tây Nguyên,567 Lê Duẩn - Phường Ea Kao - Tỉnh Đăk Lăk,Tỉnh Đắk Lắk,www.ttn.edu.vn,,12.6508293,108.0260538,https://diemthi.tuyensinh247.com/de-an-tuyen-sinh/dai-hoc-tay-nguyen-TTN.html,merged
DQN,Trường Đại Học Quy Nhơn,"170 An Dương Vương, Phường Quy Nhơn Nam",Tỉnh Gia Lai,http://www.qnu.edu.vn,,13.7593966,109.2172639,https://diemthi.tuyensinh247.com/de-an-tuyen-sinh/dai-hoc-quy-nhon-DQN.html,merged
DHC,Khoa Giáo Dục Thể Chất Huế,52 Hồ Đắc Di - TP Huế,Phường An Cựu,https://fpe.hueuni.edu.vn/index.php/vi/welcome/index,,16.4455537,107.6020872,https://diemthi.tuyensinh247.com/de-an-tuyen-sinh/khoa-giao-duc-the-chat-hue-DHC.html,merged
GNT,Trường Đại Học Sư Phạm Nghệ Thuật Trung Ương,": Số 18 ngõ 55 đường Trần Phú, Phường Thanh Liệt, Hà Nội",Thành phố Hà Nội,http://www.spnttw.edu.vn,,20.9831152,105.7943714,https://diemthi.tuyensinh247.com/de-an-tuyen-sinh/dai-hoc-su-pham-nghe-thuat-trung-uong-GNT.html,merged
DDQ,Trường Đại Học Kinh Tế – Đại Học Đà Nẵng,"71 Ngũ Hành Sơn, Bắc Mỹ An, Ngũ Hành Sơn, Đà Nẵng.",Thành phố Đà Nẵng,https://due.udn.vn/,,16.047932,108.238686,https://diemthi.tuyensinh247.com/de-an-tuyen-sinh/dai-hoc-kinh-te-dai-hoc-da-nang-DDQ.html,merged
DTF,Trường Ngoại Ngữ Thái Nguyên,"Phường Quyết Thắng, tỉnh Thái Nguyên",Tỉnh Thái Nguyên,https://sfl.tnu.edu.vn/,,21.5912003,105.807436,https://diemthi.tuyensinh247.com/de-an-tuyen-sinh/truong-ngoai-ngu-thai-nguyen-DTF.html,merged
HLU,Trường Đại Học Hạ Long,"Số 258 Bạch Đằng, phường Vàng Danh, tỉnh Quảng Ninh",Tỉnh Quảng Ninh,https://uhl.edu.vn/,,20.9534882,107.0987404,https://diemthi.tuyensinh247.com/de-an-tuyen-sinh/dai-hoc-ha-long-HLU.html,merged
DKT,Trường Đại Học Hải Dương,": Cơ sở 1: Đường Trường Sơn, phường Thạch Khôi, thành phố Hải Phòng Cơ sở 2: Số 42 Nguyễn Thị Duệ, phường Lê Thanh Nghị, thành phố Hải Phòng Cơ sở 3: Đường Trần Ích Phát, phường Tân Hưng, thành phố Hải Phòng",Phường Lê Thanh Nghị,http://uhd.edu.vn/,,20.9389472,106.3121426,https://diemthi.tuyensinh247.com/de-an-tuyen-sinh/dai-hoc-hai-duong-DKT.html,merged
DQB,Trường Đại Học Quảng Bình,"312 Lý Thường Kiệt, Đồng Thuận, Quảng Trị",Tỉnh Quảng Trị,https://qbu.edu.vn/,,17.481938,106.6069314,https://diemthi.tuyensinh247.com/de-an-tuyen-sinh/dai-hoc-quang-binh-DQB.html,merged
DPQ,Trường Đại Học Phạm Văn Đồng,"509 Phan Đình Phùng, TP. Quảng Ngãi",Tỉnh Quảng Ngãi,http://pdu.edu.vn/,Mức thu học phí theo tín chỉ khoá tuyển sinh năm học 2026-2027 (dự kiến) | Nhóm ngành | Mức học phí (1000 đồng/tín chỉ),15.1051324,108.8051546,https://diemthi.tuyensinh247.com/de-an-tuyen-sinh/dai-hoc-pham-van-dong-DPQ.html,merged
HHT,Trường Đại Học Hà Tĩnh,"Xã Cẩm Bình, tỉnh Hà Tĩnh.",Tỉnh Hà Tĩnh,https://htu.edu.vn/,,18.3235531,105.9146084,https://diemthi.tuyensinh247.com/de-an-tuyen-sinh/dai-hoc-ha-tinh-HHT.html,merged
DMT,Trường Đại học Tài Nguyên và Môi Trường Hà Nội,"Số 41A đường Phú Diễn, Phường Phú Diễn, Hà Nội.",Thành phố Hà Nội,https://hunre.edu.vn,,21.0461067,105.762101,https://diemthi.tuyensinh247.com/de-an-tuyen-sinh/dai-hoc-tai-nguyen-va-moi-truong-ha-noi-DMT.html,merged
HCS,Học Viện Hành Chính Và Quản Trị Công (phía Nam),"số 10 đường 3 Tháng 2, phường Hòa Hưng, HCM",,https://www1.napa.vn/,,,,https://diemthi.tuyensinh247.com/de-an-tuyen-sinh/hoc-vien-hanh-chinh-va-quan-tri-cong-phia-nam-HCS.html,merged
NHS,Trường Đại Học Ngân Hàng TPHCM,"36 Tôn Thất Đạm, Phường Sài Gòn, TP.Hồ Chí Minh.",Thủ Đức,https://hub.edu.vn/,"Dự kiến năm học 2025 – 2026 | - Học phí Chương trình ĐHCQ : 11.605.000đ / học kỳ. | - Học phí Chương trình ĐHCQ (tiếng Anh bán phần), chương trình đào tạo đặc biệt : 19.879.000đ / học kỳ.",10.7704853,106.7047872,https://diemthi.tuyensinh247.com/de-an-tuyen-sinh/dai-hoc-ngan-hang-tphcm-NHS.html,merged
DLX,Trường Đại Học Lao Động – Xã Hội,"43 Trần Duy Hưng, Phường Yên Hoà, Tp. Hà Nội",Thuận An,http://ulsa.edu.vn/,,10.8660801,106.6160408,https://diemthi.tuyensinh247.com/de-an-tuyen-sinh/dai-hoc-lao-dong-xa-hoi-co-so-ha-noi-DLX.html,merged
DBL,Trường Đại Học Bạc Liêu,"Số 178 đường Võ Thị Sáu, P.Bạc Liêu, Tỉnh Cà Mau",Tỉnh Cà Mau,https://blu.edu.vn/,,9.2916088,105.7124908,https://diemthi.tuyensinh247.com/de-an-tuyen-sinh/dai-hoc-bac-lieu-DBL.html,merged
DQU,Trường Đại Học Quảng Nam,"102 Hùng Vương, phường Tam Kỳ, Thành phố Đà Nẵng",Tam Kỳ,http://qnamuni.edu.vn/,,15.5666751,108.4773916,https://diemthi.tuyensinh247.com/de-an-tuyen-sinh/dai-hoc-quang-nam-DQU.html,merged
DLS,Trường Đại Học Lao Động – Xã Hội (Cơ sở II),"1018 Tô Ký, Phường Trung Mỹ Tây, Tp. Hồ Chí Minh.",,www.ldxh.edu.vn,,,,https://diemthi.tuyensinh247.com/de-an-tuyen-sinh/dai-hoc-lao-dong-xa-hoi-co-so-phia-nam-DLS.html,merged
DPY,Trường Đại Học Phú Yên,"01 đường Nguyễn Văn Huyên, Phường Tuy Hoà, tỉnh Đắk Lắk",Tỉnh Đắk Lắk,https://pyu.edu.vn/,,13.1031553,109.3092893,https://diemthi.tuyensinh247.com/de-an-tuyen-sinh/dai-hoc-phu-yen-DPY.html,merged
DDP,Phân Hiệu Đại Học Đà Nẵng tại Kon Tum,"704 Phan Đình Phùng, Phường Kon Tum, tỉnh Quảng Ngãi",Tỉnh Quảng Ngãi,https://kontum.udn.vn/,,14.3610764,107.9986846,https://diemthi.tuyensinh247.com/de-an-tuyen-sinh/phan-hieu-dai-hoc-da-nang-tai-kon-tum-DDP.html,merged
TDH,Trường Đại Học Sư Phạm Thể Dục Thể Thao Hà Nội,"Phường Chương Mỹ, thành phố Hà Nội",Thành phố Hà Nội,https://hupes.edu.vn/,,20.936692,105.7094257,https://diemthi.tuyensinh247.com/de-an-tuyen-sinh/dai-hoc-su-pham-the-duc-the-thao-ha-noi-TDH.html,merged
KCC,Trường Đại học Kỹ Thuật Công Nghệ Cần Thơ,"256 Nguyễn Văn Cừ, Phường Cái Khế, Thành phố Cần Thơ",Thành phố Cần Thơ,https://ctuet.edu.vn/index.php,,10.0471726,105.7678259,https://diemthi.tuyensinh247.com/de-an-tuyen-sinh/dai-hoc-ky-thuat-cong-nghe-can-tho-KCC.html,merged
QHQ,Trường Quốc Tế  - ĐHQG Hà Nội,"144, Đường Xuân Thủy, Cầu Giấy, Hà Nội",,http://www.vnu.edu.vn,,,,https://diemthi.tuyensinh247.com/de-an-tuyen-sinh/truong-quoc-te-dai-hoc-quoc-gia-ha-noi-QHQ.html,merged
KCN,Trường Đại Học Khoa Học Và Công Nghệ Hà Nội,"Tòa nhà A21, Viện Hàn Lâm Khoa học và Công nghệ Việt Nam, 18 Hoàng Quốc Việt, phường Nghĩa Đô, Hà Nội",Thành phố Hà Nội,www.usth.edu.vn,,21.0175619,105.5280662,https://diemthi.tuyensinh247.com/de-an-tuyen-sinh/dai-hoc-khoa-hoc-va-cong-nghe-ha-noi-KCN.html,merged
DCV,Trường Đại học Công nghiệp Vinh,"Số 26 Nguyễn Thái Học, phường Thành Vinh, Nghệ An",Tỉnh Nghệ An,http://www.iuv.edu.vn/home,,18.6760194,105.6676543,https://diemthi.tuyensinh247.com/de-an-tuyen-sinh/dai-hoc-cong-nghiep-vinh-DCV.html,merged
DVT,Đại Học Trà Vinh,"126 Nguyễn Thiện Thành, Phường Hòa Thuận, tỉnh Vĩnh Long",Tỉnh Vĩnh Long,https://www.tvu.edu.vn/,,9.9201893,106.3484141,https://diemthi.tuyensinh247.com/de-an-tuyen-sinh/dai-hoc-tra-vinh-DVT.html,merged
NLS,Trường Đại Học Nông Lâm TPHCM,": KP 33, Phường Linh Trung, TP. Hồ Chí Minh",Thủ Đức,www.hcmuaf.edu.vn,,10.8723254,106.7889778,https://diemthi.tuyensinh247.com/de-an-tuyen-sinh/dai-hoc-nong-lam-tphcm-NLS.html,merged
HVC,Học viện cán bộ TPHCM,324 Chu Văn An - Phường Bình Thạnh - TPHCM,Thủ Đức,http://tuyensinh.hcmca.edu.vn/,Học phí dự kiến năm học 2026 - 2027 đối với các chương trình đào tạo của Học viện như sau:,10.8133114,106.7034815,https://diemthi.tuyensinh247.com/de-an-tuyen-sinh/hoc-vien-can-bo-tphcm-HVC.html,merged
XDA,Trường Đại Học Xây Dựng Hà Nội,"55 Đ. Giải Phóng, Bạch Mai, Hà Nội, Việt Nam",Thành phố Hà Nội,https://huce.edu.vn/,"Thông tin về học phí, học bổng của Trường | Học phí đại học chính quy chương trình chuẩn (Kỹ sư/Kiến trúc sư/Cử nhân) trung bình năm học 2026-2027: 20.900.000đ/năm học (Trường thu học phí theo tín chỉ). Lộ trình tăng học phí thực hiện theo Nghị định số 81/2021/NĐ-CP ngày 27/8/2021 và Nghị định sửa đổi, bổ sung số 97/2023/NĐ-CP ngày 31/12/2023 của Chính phủ. | Tổng học bổng năm học 2025-2026 của Tr",21.0032334,105.8432672,https://diemthi.tuyensinh247.com/de-an-tuyen-sinh/dai-hoc-xay-dung-ha-noi-XDA.html,merged
SKH,Trường Đại Học Sư Phạm Kỹ Thuật Hưng Yên,"xã Việt Tiến, tỉnh Hưng Yên",Tỉnh Hưng Yên,http://utehy.edu.vn,,20.8454798,106.0078217,https://diemthi.tuyensinh247.com/de-an-tuyen-sinh/dai-hoc-su-pham-ky-thuat-hung-yen-SKH.html,merged
MBS,Trường Đại Học Mở TPHCM,"35-37 đường Hồ Hảo Hớn, phường Cầu Ông Lãnh, Thành phố Hồ Chí Minh",Thành phố Hồ Chí Minh,https://ou.edu.vn/,,10.9883044,106.6733865,https://diemthi.tuyensinh247.com/de-an-tuyen-sinh/dai-hoc-mo-tphcm-MBS.html,merged
FBU,Trường Đại Học Tài Chính Ngân Hàng Hà Nội,"Xã Mê Linh - TP Hà Nội, CS2: 31 Dịch Vọng Hậu, phường Cầu Giấy, TP Hà Nội",Thành phố Hà Nội,https://fbu.edu.vn/,,21.1624056,105.7570417,https://diemthi.tuyensinh247.com/de-an-tuyen-sinh/dai-hoc-tai-chinh-ngan-hang-ha-noi-FBU.html,merged
GTA,Trường Đại học Công nghệ Giao thông vận tải,"Số 54 Triều Khúc, phường Thanh Liệt, Hà Nội",Thành phố Hà Nội,http://tuyensinh.utt.edu.vn,,20.984105,105.7982443,https://diemthi.tuyensinh247.com/de-an-tuyen-sinh/dai-hoc-cong-nghe-giao-thong-van-tai-GTA.html,merged
MDA,Trường Đại Học Mỏ Địa Chất,"Số 18, Phố Viên - Phường Đông Ngạc - TP Hà Nội",Thành phố Hà Nội,http://www.humg.edu.vn,,21.072514,105.7738706,https://diemthi.tuyensinh247.com/de-an-tuyen-sinh/dai-hoc-mo-dia-chat-MDA.html,merged
DDL,Trường Đại Học Điện Lực,"số 235 đường Hoàng Quốc Việt, phường Nghĩa Đô, TP. Hà Nội",Thành phố Hà Nội,https://epu.edu.vn/,,21.0468589,105.7852091,https://diemthi.tuyensinh247.com/de-an-tuyen-sinh/dai-hoc-dien-luc-DDL.html,merged
TDS,Trường Đại Học Thể Dục Thể Thao TPHCM,"Khu phố 33, Phường Linh Xuân, Thành phố Hồ Chí Minh",,https://ush.edu.vn/,,,,https://diemthi.tuyensinh247.com/de-an-tuyen-sinh/dai-hoc-the-duc-the-thao-tphcm-TDS.html,merged
DPD,Trường Đại Học Phương Đông,"Số 171 phố Trung Kính, phường Yên Hòa, TP Hà Nội - CS2: Số 4/228 phố Minh Khai, phường Tương Mai, TP Hà Nội",Thành phố Hà Nội,http://phuongdong.edu.vn/,,20.9941326,105.8538996,https://diemthi.tuyensinh247.com/de-an-tuyen-sinh/dai-hoc-phuong-dong-DPD.html,merged
VLU,Trường Đại Học Sư Phạm Kỹ Thuật Vĩnh Long,"Số 73 Nguyễn Huệ, Phường Long Châu, Tỉnh Vĩnh Long",Tỉnh Vĩnh Long,www.vlute.edu.vn,,10.2503726,105.9623799,https://diemthi.tuyensinh247.com/de-an-tuyen-sinh/dai-hoc-su-pham-ky-thuat-vinh-long-VLU.html,merged
KTD,Trường Đại Học Kiến Trúc Đà Nẵng,"566 Núi Thành, P. Hòa Cường, TP. Đà Nẵng",Thành phố Đà Nẵng,https://dau.edu.vn/,,16.0323263,108.2221758,https://diemthi.tuyensinh247.com/de-an-tuyen-sinh/dai-hoc-kien-truc-da-nang-KTD.html,merged
DQK,Trường Đại Học Kinh Doanh và Công Nghệ Hà Nội,"29A ngõ 124, Vĩnh Tuy, Hai Bà Trưng, Hà Nội",Tỉnh Bắc Ninh,http://www.hubt.edu.vn,,21.1018124,105.9584121,https://diemthi.tuyensinh247.com/de-an-tuyen-sinh/dai-hoc-kinh-doanh-va-cong-nghe-ha-noi-DQK.html,merged
DTK,Trường Đại Học Kỹ Thuật Công Nghiệp Thái Nguyên,"Số 666 Đường 3-2, P.Tích Lương, Tỉnh Thái Nguyên",Tỉnh Thái Nguyên,http://www.tnut.edu.vn,"- Điểm trúng tuyển được quy đổi tương đương giữa các phương thức xét tuyển. - Nguồn xét tuyển: Thí sinh có tổng điểm 03 môn thi kỳ thi tốt nghiệp THPT (kỳ thi trung học nghề đối với đối tượng trung học nghề) các năm theo tổ hợp xét tuyển (hoặc sử dụng điểm thi môn Toán, Ngữ văn và một môn thi khác) đạt tối thiểu 15,00 điểm theo thang điểm 30, áp dụng đối với thí sinh thi tốt nghiệp từ năm 2026. - ",21.5495398,105.8435019,https://diemthi.tuyensinh247.com/de-an-tuyen-sinh/dai-hoc-ky-thuat-cong-nghiep-thai-nguyen-DTK.html,merged
STS,Trường Đại Học Sư Phạm Thể Dục Thể Thao TPHCM,"639 Nguyễn Trãi, phường Chợ Lớn, TP. Hồ Chí Minh",,https://upes.edu.vn/,- Sinh viên chính quy ngành Giáo dục thể chất được hưởng chính sách về học phí và sinh hoạt phí theo Nghị định 116/2020/NĐ-CP. Được Nhà nước hỗ trợ tiền đóng học phí bằng mức thu học phí của nhà trường và được Nhà nước hỗ trợ 3.630.000 đồng/tháng để chi trả chi phí sinh hoạt trong thời gian học tập tại trường (không quá 10 tháng/năm học) theo quy định hiện hành. | - Sinh viên chính quy ngành Giáo ,,,https://diemthi.tuyensinh247.com/de-an-tuyen-sinh/dai-hoc-su-pham-the-duc-the-thao-tphcm-STS.html,merged
UKH,Trường Đại học Khánh Hòa,"Trường Đại học Khánh Hoà, 1, Nguyễn Chánh, Phước Hòa, Phường Nha Trang, Nha Trang, Tỉnh Khánh Hòa, 57106, Việt Nam",Tỉnh Khánh Hòa,,"Học phí: Học phí các ngành đào tạo thực hiện theo Nghị định số 238/2025/NĐ- CP ngày 03/9/2025 của Thủ tướng Chính phủ và các quy định hiện hành. | Mức học phí năm thứ nhất (dự kiến) từ 13.860.000 - 16.896.000 đồng/năm, tùy thuộc vào ngành đào tạo.",12.2452078,109.1952894,https://diemthi.tuyensinh247.com/de-an-tuyen-sinh/dai-hoc-khanh-hoa-UKH.html,merged
DSK,Trường Đại học Sư phạm Kỹ thuật - Đại học Đà Nẵng,": Số 48 Cao Thắng, Phường Thanh Bình, Quận Hải Châu, TP. Đà Nẵng",Thành phố Đà Nẵng,https://ute.udn.vn/,,16.0778508,108.2132109,https://diemthi.tuyensinh247.com/de-an-tuyen-sinh/dai-hoc-su-pham-ky-thuat-dai-hoc-da-nang-DSK.html,merged
NHB,Học Viện Ngân Hàng (Phân Viện Bắc Ninh),"Số 331 đường Ngô Gia Tự, phường Suối Hoa, TP Bắc Ninh, tỉnh Bắc Ninh.",Tỉnh Bắc Ninh,https://bacninh.hvnh.edu.vn/,,21.1852332,106.0695362,https://diemthi.tuyensinh247.com/de-an-tuyen-sinh/hoc-vien-ngan-hang-phan-vien-bac-ninh-NHB.html,merged
DHI,Khoa Quốc tế - Đại học Huế,"01 Điện Biên Phủ, Vĩnh Ninh, Tp. Huế",Phường Thuận Hóa,https://huis.edu.vn/,,16.4587314,107.5811117,https://diemthi.tuyensinh247.com/de-an-tuyen-sinh/khoa-quoc-te-dai-hoc-hue-DHI.html,merged
CMC,Trường Đại Học CMC,"Số 11, Đường Duy Tân, Cầu Giấy, TP. Hà Nội",Thành phố Hà Nội,https://cmcu.edu.vn/,,21.0200628,105.7482111,https://diemthi.tuyensinh247.com/de-an-tuyen-sinh/dai-hoc-cmc-CMC.html,merged
NTT,Trường Đại Học Nguyễn Tất Thành,"300A Nguyễn Tất Thành, Phường Xóm Chiếu, TP. Hồ Chí Minh",Thuận An,ww.ntt.edu.vn,,10.8597771,106.6946568,https://diemthi.tuyensinh247.com/de-an-tuyen-sinh/dai-hoc-nguyen-tat-thanh-NTT.html,merged
DHK,Trường Đại Học Kinh Tế - Đại Học Huế,"99 Hồ Đắc Di, Phường An Cựu, TP Huế",Phường Phú Xuân,https://hce.edu.vn,,16.4762105,107.5728538,https://diemthi.tuyensinh247.com/de-an-tuyen-sinh/dai-hoc-kinh-te-dai-hoc-hue-DHK.html,merged
DHD,Trường Du Lịch - Đại Học Huế,"Số 22 Lâm Hoằng, Phường Vỹ Dạ, Thành phố Huế",Phường Vỹ Dạ,http://hat.hueuni.edu.vn/,,16.478103,107.6001145,https://diemthi.tuyensinh247.com/de-an-tuyen-sinh/truong-du-lich-dai-hoc-hue-DHD.html,merged
KGH,Trường Sĩ Quan Không Quân - Hệ Đại học,"Cổng số 3, đường Biệt Thự, phường Nha Trang, tỉnh Khánh Hòa",,http://tsqkq.edu.vn,,,,https://diemthi.tuyensinh247.com/de-an-tuyen-sinh/truong-si-quan-khong-quan-he-dai-hoc-KGH.html,merged
DTC,Trường Đại học Công Nghệ Thông Tin và Truyền Thông Thái Nguyên,"Trường Đại học Công nghệ Thông tin và Truyền thông, Đường Z115, Phường Quyết Thắng, Phường Phan Đình Phùng, Tỉnh Thái Nguyên, Việt Nam",Tỉnh Thái Nguyên,,,21.5860235,105.8066368,https://diemthi.tuyensinh247.com/de-an-tuyen-sinh/dai-hoc-cong-nghe-thong-tin-va-truyen-thong-thai-nguyen-DTC.html,merged
HGH,Trường Sĩ Quan Phòng Hóa,"Sơn Đông, Sơn Tây, Hà Nội",,https://www.siquanphonghoa.edu.vn,,,,https://diemthi.tuyensinh247.com/de-an-tuyen-sinh/truong-si-quan-phong-hoa-HGH.html,merged
TGH,Trường Sĩ Quan Tăng - Thiết Giáp,"Xã Tam Dương, tỉnh Phú Thọ",Thành phố Đồng Nai,http://siquantangthietgiap.vn,,10.8581691,106.9773349,https://diemthi.tuyensinh247.com/de-an-tuyen-sinh/truong-siquan-tang-thiet-giap-TGH.html,merged
HVQ,Học Viện Quản Lý Giáo Dục,31 Phan Đinh Giót - Phương Liệt - Hà Nội,Thành phố Hà Nội,https://naem.edu.vn/,"- Căn cứ Nghị định số 238/2025/NĐ-CP ngày 03 tháng 9 năm 2025 quy định về chính sách học phí, miễn giảm, hỗ trợ học phí, hỗ trợ chi phí học tập và giá dịch vụ trong lĩnh vực giáo dục, đào tạo - Mức học phí tối đa năm học 2026-2027 đối với các ngành: 20.900.000đ/năm học - Mức trần học phí sẽ thay đổi khi Nhà nước ban hành các Quy định mới về học phí/chi phí đào tạo hoặc văn bản pháp luật thay thế N",20.9903856,105.838506,https://diemthi.tuyensinh247.com/de-an-tuyen-sinh/hoc-vien-quan-ly-giao-duc-HVQ.html,merged
DDT,Đại Học Duy Tân,"254 Nguyễn Văn Linh, P. Thanh Khê - Tp. Đà Nẵng",Thành phố Đà Nẵng,https://duytan.edu.vn/,,16.0600568,108.2096704,https://diemthi.tuyensinh247.com/de-an-tuyen-sinh/dai-hoc-duy-tan-DDT.html,merged
DNC,Trường Đại học Nam Cần Thơ,"Số 168, Nguyễn Văn Cừ (nối dài), Phường An Bình, TP. Cần Thơ",Thành phố Cần Thơ,https://nctu.edu.vn/,,10.007729,105.7231544,https://diemthi.tuyensinh247.com/de-an-tuyen-sinh/dai-hoc-nam-can-tho-DNC.html,merged
HIU,Trường Đại Học Quốc Tế Hồng Bàng,"215 Điện Biên Phủ, P. Gia Định, TP.HCM",Thủ Đức,http://hiu.vn/,,10.8005762,106.7060101,https://diemthi.tuyensinh247.com/de-an-tuyen-sinh/dai-hoc-quoc-te-hong-bang-HIU.html,merged
TTU,Trường Đại học Tân Tạo,"Tòa nhà Gillis Hall, Đại lộ Đại học Tân Tạo, Tân Đức E.City, Xã Đức Hòa, Tỉnh Tây Ninh",Tỉnh Tây Ninh,https://ttu.edu.vn/,a) Chính sách Giảm học phí: | STT | ĐIỀU KIỆN,10.7921811,106.4412688,https://diemthi.tuyensinh247.com/de-an-tuyen-sinh/dai-hoc-tan-tao-TTU.html,merged
TTD,Trường Đại Học Thể Dục Thể Thao Đà Nẵng,"Số 44 Dũng Sĩ Thanh Khê, Phường Thanh Khê, Thành phố Đà Nẵng",Thành phố Đà Nẵng,https://dsu.edu.vn/,,16.0707798,108.1810145,https://diemthi.tuyensinh247.com/de-an-tuyen-sinh/dai-hoc-the-duc-the-thao-da-nang-TTD.html,merged
DCL,Trường Đại Học Cửu Long,"Quốc lộ 1A, Phú Quới, Vĩnh Long",Tỉnh Vĩnh Long,https://mku.edu.vn/,,10.1697173,105.9268423,https://diemthi.tuyensinh247.com/de-an-tuyen-sinh/dai-hoc-cuu-long-DCL.html,merged
DVL,Trường Đại Học Văn Lang,"69/89 Đặng Thùy Trâm, Phường Bình Lợi Trung, TP. HCM",Thủ Đức,https://vlu.edu.vn/,,10.8273194,106.699643,https://diemthi.tuyensinh247.com/de-an-tuyen-sinh/dai-hoc-van-lang-DVL.html,merged
DPC,Trường Đại Học Phan Châu Trinh,"Số 09 Nguyễn Gia Thiều, phường Điện Bàn Đông, Thành phố Đà Nẵng",Thành phố Đà Nẵng,http://pctu.edu.vn/,,15.9629321,108.2589301,https://diemthi.tuyensinh247.com/de-an-tuyen-sinh/dai-hoc-phan-chau-trinh-DPC.html,merged
UKB,Trường Đại Học Kinh Bắc,"Phố Phúc Sơn, phường Vũ Ninh, TP Bắc Ninh, tỉnh Bắc Ninh.",Tỉnh Bắc Ninh,https://daihockinhbac.edu.vn/,,21.1940515,106.0734484,https://diemthi.tuyensinh247.com/de-an-tuyen-sinh/dai-hoc-kinh-bac-UKB.html,merged
ETU,Trường Đại Học Hòa Bình,"Số 8, CC2 - Phố Bùi Xuân Phái, Phường Từ Liêm, TP Hà Nội",Thành phố Hà Nội,https://daihochoabinh.edu.vn/,,21.0317868,105.7658611,https://diemthi.tuyensinh247.com/de-an-tuyen-sinh/dai-hoc-hoa-binh-ETU.html,merged
DDN,Trường Đại Học Đại Nam,"Số 1 Phố Xốm, phường Phú Lương, TP Hà Nội",Thành phố Hà Nội,https://www.dainam.edu.vn/vi,"Thông tin ngành học, tổ hợp môn xét tuyển và học phí của Trường Đại học Đại Nam năm 2026 (được tính theo kỳ học, mỗi năm có 03 học kỳ). Thông tin chi tiết được trình bày trong bảng dưới đây:",20.9471435,105.7585877,https://diemthi.tuyensinh247.com/de-an-tuyen-sinh/dai-hoc-dai-nam-DDN.html,merged
VTT,Trường Đại Học Võ Trường Toản,"Quốc lộ 1A, Thạnh Xuân, Thành phố Cần Thơ",Thành phố Cần Thơ,https://vttu.edu.vn/,Học phí,9.9586156,105.7374897,https://diemthi.tuyensinh247.com/de-an-tuyen-sinh/dai-hoc-vo-truong-toan-VTT.html,merged
DAD,Trường Đại Học Đông Á,33 Xô Viết Nghệ Tĩnh - P. Hòa Cường - TP. Đà Nẵng,Thành phố Đà Nẵng,https://donga.edu.vn/,,16.0321925,108.2209943,https://diemthi.tuyensinh247.com/de-an-tuyen-sinh/dai-hoc-dong-a-DAD.html,merged
SNH,Trường Sĩ Quan Công Binh - Hệ Quân sự - Đại học Ngô Quyền,"229B, Đường Bạch Đằng, Phú Cường, TP.Thủ Dầu Một, Bình Dương",,http://wwwtsqcb.edu.vn,,,,https://diemthi.tuyensinh247.com/de-an-tuyen-sinh/truong-si-quan-cong-binh-he-quan-su-dai-hoc-ngo-quyen-SNH.html,merged
DCH,Trường Sĩ Quan Đặc Công,,,,,,,https://diemthi.tuyensinh247.com/de-an-tuyen-sinh/truong-si-quan-dac-cong-DCH.html,merged
HCB,Học viện Kỹ thuật và Công nghệ an ninh (Phía Bắc),"Phường Thuận Thành, tỉnh Bắc Ninh",,http://dhkthc.edu.vn,,,,https://diemthi.tuyensinh247.com/de-an-tuyen-sinh/hoc-vien-ky-thuat-cong-nghe-an-ninh-phia-bac-HCB.html,merged
HCN,Học viện Kỹ thuật và Công nghệ an ninh (Phía Nam),"Thị trấn Hồ, huyện Thuận Thành, tỉnh Bắc Ninh",,http://dhkthc.edu.vn,,,,https://diemthi.tuyensinh247.com/de-an-tuyen-sinh/hoc-vien-ky-thuat-va-cong-nghe-an-ninh-phia-nam-HCN.html,merged
PBH,Trường Sĩ Quan Pháo Binh,Thanh Vị - Tùng Thiện - Hà Nội,Thành phố Hà Nội,http://tsqpb.edu.vn/,,21.1101727,105.4810587,https://diemthi.tuyensinh247.com/de-an-tuyen-sinh/truong-si-quan-phao-binh-PBH.html,merged
KSV,Đại học Kinh Tế TPHCM - Phân hiệu Vĩnh Long,"01B Nguyễn Trung Trực, phường Tân Hạnh, tỉnh Vĩnh Long",,https://www.ueh.edu.vn/vinh-long/,"Đại học Kinh tế TPHCM cũng đã công bố học học phí năm 2025. So với năm ngoái học phí các chương trình đào tạo sẽ tăng hơn 200.000 đồng/tín chỉ. | Theo đó, học phí các chương trình tiên tiến quốc tế (đã kiểm định quốc tế) học phí tiếng Việt là 1,3 triệu đồng/tín chỉ; tiếng Anh x 1,4; thực hành x 1,2. | Học phí chương trình tích hợp chứng chỉ nghề nghiệp quốc tế (ACCA và ICAEW) tiếng Việt là 1,3 tri",,,https://diemthi.tuyensinh247.com/de-an-tuyen-sinh/dai-hoc-kinh-te-tphcm-phan-hieu-vinh-long-KSV.html,merged
QHD,Trường Quản Trị và Kinh Doanh - ĐHQG Hà Nội,"Nhà B1, 144 Xuân Thủy, Cầu Giấy, Hà Nội",,https://hsb.edu.vn,Học phí,,,https://diemthi.tuyensinh247.com/de-an-tuyen-sinh/truong-quan-tri-va-kinh-doanh-dh-quoc-gia-ha-noi-QHD.html,merged
VGU,Trường Đại Học Việt Đức,"Đường Vành đai 4, khu phố 4, phường Thới Hòa, TP Hồ Chí Minh",Thành phố Hồ Chí Minh,https://vgu.edu.vn/vi/home,Học phí,11.1059476,106.6146225,https://diemthi.tuyensinh247.com/de-an-tuyen-sinh/dai-hoc-viet-duc-VGU.html,merged
TLS,Trường Đại Học Thủy Lợi (Cơ sở 2),"Số 2 Trường Sa, Phường Gia Định, TP. Hồ Chí Minh",Thủ Đức,https://tlus.edu.vn,,10.7927457,106.7063491,https://diemthi.tuyensinh247.com/de-an-tuyen-sinh/dai-hoc-thuy-loi-co-so-2-TLS.html,merged
SDU,Trường Đại học Sao Đỏ,"Số 76 Nguyễn Thị Duệ, Thái Học 2, P. Chu Văn An, TP. Hải Phòng.",Phường Chu Văn An,saodo.edu.vn,,21.1096732,106.3939604,https://diemthi.tuyensinh247.com/de-an-tuyen-sinh/dai-hoc-sao-do-SDU.html,merged
PCS,Trường Đại Học Phòng Cháy Chữa Cháy (phía Nam),"Số 243, đường Khuất duy Tiến, quận Thanh Xuân, Hà Nội",,http://daihocpccc.edu.vn/,,,,https://diemthi.tuyensinh247.com/de-an-tuyen-sinh/dai-hoc-phong-chay-chua-chay-phia-nam-PCS.html,merged
PCH,Trường Đại Học Phòng Cháy Chữa Cháy (Phía Bắc),243 Khuất Duy Tiến - phường Đại Mỗ - TP Hà Nội,,http://daihocpccc.edu.vn/,,,,https://diemthi.tuyensinh247.com/de-an-tuyen-sinh/dai-hoc-phong-chay-chua-chay-phia-bac-PCH.html,merged
NLN,Phân hiệu Đại học Nông Lâm TPHCM tại Ninh Thuận,"Số 08 đường Yên Ninh, Phường Ninh Chử, Tỉnh Khánh Hoà",,https://phnt.hcmuaf.edu.vn/,,,,https://diemthi.tuyensinh247.com/de-an-tuyen-sinh/phan-hieu-dai-hoc-nong-lam-tphcm-tai-ninh-thuan-NLN.html,merged
DTD,Trường Đại Học Tây Đô,"Số 68, đường Trần Chiên, KV Thạnh Mỹ, Phường Cái Răng, Thành phố Cần Thơ",Thành phố Cần Thơ,https://tdu.edu.vn/,,9.9996328,105.7603108,https://diemthi.tuyensinh247.com/de-an-tuyen-sinh/dai-hoc-tay-do-DTD.html,merged
DKC,Trường Đại học Công Nghệ TPHCM,144/24 Điện Biên Phủ - P.25 – Q.Bình Thạnh – TP.HCM.,Thủ Đức,www.hutech.edu.vn,,10.8527907,106.7725584,https://diemthi.tuyensinh247.com/de-an-tuyen-sinh/dai-hoc-cong-nghe-tphcm-DKC.html,merged
DDU,Trường Đại Học Đông Đô,"Số 8, đường Phú Nghĩa, xã Phú Nghĩa, TP. Hà Nội",Dĩ An,https://hdiu.edu.vn/,,10.877508,106.8015273,https://diemthi.tuyensinh247.com/de-an-tuyen-sinh/dai-hoc-dong-do-DDU.html,merged
DLH,Trường Đại Học Lạc Hồng,"Số 10, Huỳnh Văn Nghệ, phường Trấn Biên, TP Đồng Nai",Thành phố Đồng Nai,https://lhu.edu.vn/,Học phí TT Tên ngành Mã ngành Học phí (đ/học kỳ) 1 Dược học (Dược sĩ) 7720201 25.500.000 2 Công nghệ thông tin 7480201 19.500.000 3 An toàn thông tin 7480202 19.500.000 4 Trí tuệ nhân tạo (AI) 7480107 19.000.000 5 Thương mại điện tử 7340122 19.000.000 6 Truyền thông đa phương tiện 7320104 19.000.000 7 Công nghệ kỹ thuật công trình xây dựng 7510102 18.500.000 8 Công nghệ kỹ thuật cơ khí 7510201 19.,10.9627437,106.7894853,https://diemthi.tuyensinh247.com/de-an-tuyen-sinh/dai-hoc-lac-hong-DLH.html,merged
DDB,Trường Đại Học Thành Đông,"Số 3 Vũ Công Đán, phường Tứ Minh, TP Hải Dương",Phường Tứ Minh,https://thanhdong.edu.vn/,"Với học phí 305.000 đến 1.000.000 đồng/ tín chỉ (tùy thuộc vào ngành, nhóm ngành). Trước mỗi đầu năm học, trường thành lập tổ công tác xây dựng mức học phí và các chế độ học bổng cho HSSV trường. Theo qui trình, sau khi tham khảo mức học phí của các trường công lập cũng như trường ngoài công lập cùng với căn cứ vào tình hình thực tế của trường, tổ công tác sẽ đề nghị mức học phí cho phù hợp.",20.9223897,106.2829844,https://diemthi.tuyensinh247.com/de-an-tuyen-sinh/dai-hoc-thanh-dong-DDB.html,merged
DHA,Trường Đại học Luật Huế,"20 Võ Văn Kiệt, phường An Cựu, thành phố Huế",Phường An Cựu,https://www.hul.edu.vn/,Dự kiến mức thu năm học 2026 – 2027 là 18 triệu đồng/năm/sinh viên; mức tăng hàng năm (nếu có) không quá 20% so với mức học phí năm liền kề.,16.438738,107.6090555,https://diemthi.tuyensinh247.com/de-an-tuyen-sinh/dai-hoc-luat-dai-hoc-hue-DHA.html,merged
DYD,Trường Đại Học Yersin Đà Lạt,"27 Tôn Thất Tùng, Phường Lâm Viên - Đà Lạt",,http://yersin.edu.vn,,,,https://diemthi.tuyensinh247.com/de-an-tuyen-sinh/dai-hoc-yersin-da-lat-DYD.html,merged
TDD,Trường Đại học Thành Đô,"Km 15, Quốc lộ 32, Hoài Đức, Hà Nội",Thành phố Hà Nội,https://thanhdo.edu.vn/,Học phí STT Khối ngành Đơn giá (VNĐ)/tín chỉ 1 Khối ngành Kinh tế; Du lịch – Ngoại ngữ 800.000 2 Khối ngành Kỹ thuật; Luật 850.000 3 Ngành Giáo dục học 950.000 4 Ngành Dược; Điều dưỡng; Ngôn ngữ  Trung Quốc 1.050.000,21.0649143,105.7230111,https://diemthi.tuyensinh247.com/de-an-tuyen-sinh/dai-hoc-thanh-do-TDD.html,merged
DBD,Trường Đại Học Bình Dương,"Số 504 Đại lộ Bình Dương, P. Phú Lợi, TP Hồ Chí Minh",Thành phố Hồ Chí Minh,https://www.bdu.edu.vn/,,10.9901149,106.6643912,https://diemthi.tuyensinh247.com/de-an-tuyen-sinh/dai-hoc-binh-duong-DBD.html,merged
DTV,Trường Đại Học Lương Thế Vinh,"Số 9, đường Cầu Đông, Phường Nam Định, tỉnh Ninh Bình",Tỉnh Ninh Bình,https://ltvu.edu.vn/,,20.4477262,106.1722162,https://diemthi.tuyensinh247.com/de-an-tuyen-sinh/dai-hoc-luong-the-vinh-DTV.html,merged
VJU,Trường Đại học Việt Nhật - ĐHQG Hà Nội,,,,Học phí TT Chương trình đào tạo Học phí/năm 1 Nhật Bản học - BJS 58.000.000/năm 2 Khoa học và Kỹ thuật máy tính - BCSE 3 Kỹ thuật cơ điện tử (Cơ điện tử thông minh và sản xuất theo phương thức Nhật Bản) - EMM 4 Công nghệ thực phẩm và sức khỏe - EFTH 5 Nông nghiệp thông minh và bền vững - ESAS 6 Công nghệ kỹ thuật Chip bán dẫn - ESCT 7 Điều khiển thông minh và Tự động hóa - BICA 35.000.000/năm 8 Đổ,,,https://diemthi.tuyensinh247.com/de-an-tuyen-sinh/dai-hoc-viet-nhat-ha-noi-VJU.html,merged
BVU,Trường Đại Học Bà Rịa – Vũng Tàu,"Số 80 Trương Công Định, P. Vũng Tàu, TP. Hồ Chí Minh",Thành phố Hồ Chí Minh,https://bvu.edu.vn/,"Học phí trung bình/học kỳ của các ngành/chương trình = 14,25 triều đồng (Riêng ngành Điều dưỡng = 15,5 triệu đồng, ngành Dược học = 15,82 triệu đồng); các ngành Cử nhân tài năng = 22.3 triệu đồng. | – Học phí đã bao gồm: Học phần trong chương trình đào tạo, chuẩn đầu ra, giáo dục quốc phòng và an ninh, giáo dục thể chất. | – Học phí thu theo học kỳ (mỗi năm 03 học kỳ), phụ thuộc vào số tín chỉ sin",10.3486294,107.082176,https://diemthi.tuyensinh247.com/de-an-tuyen-sinh/dai-hoc-ba-ria-vung-tau-BVU.html,merged
DHN,Trường Đại Học Nghệ Thuật Huế,"Số 10 Tô Ngọc Vân, Phường Đông Ba, TP. Huế",Phường Phú Xuân,https://nghethuathue.edu.vn/,,16.4781585,107.5741565,https://diemthi.tuyensinh247.com/de-an-tuyen-sinh/dai-hoc-nghe-thuat-hue-DHN.html,merged
MIT,Trường Đại học Công nghệ Miền Đông,"QL1A, khu phố Trần Hưng Đạo, phường Dầu Giây, TP Đồng Nai",Thành phố Đồng Nai,www.mit.vn,"Học phí STT MÃ NGÀNH TÊN NGÀNH HỌC PHÍ TÍN CHỈ VNĐ/TÍN CHỈ HỌC PHÍ TÍN CHỈ SAU HỌC BỔNG (20-25%) I KHOA CÔNG NGHỆ – KỸ THUẬT 1 7480201 Công nghệ thông tin 1.160.000 870.000 2 7210403 Thiết kế đồ họa (Chuyên ngành: Thiết kế đồ hoạ, Thiết kế nội thất) 1.160.000 870.000 3 7510205 Công nghệ kỹ thuật ô tô (Chuyên ngành: Công nghệ kỹ thuật ô tô, Ô tô điện và thông minh) 1.160.000 870.000 4 7510303 Công ",10.9629925,106.8394452,https://diemthi.tuyensinh247.com/de-an-tuyen-sinh/dai-hoc-cong-nghe-mien-dong-MIT.html,merged
FPT,Trường Đại Học FPT,"Khu Giáo dục và Đào tạo – Khu Công nghệ cao Hòa Lạc – Km29 Đại lộ Thăng Long, xã Hòa Lạc, TP. Hà Nội",Thành phố Hà Nội,http://www.fpt.edu.vn,"Từ năm 2026, Trường Đại học FPT triển khai các chính sách ưu đãi học phí nhằm hỗ trợ người học và góp phần phát triển nguồn nhân lực chất lượng cao cho các vùng kinh tế trọng điểm của đất nước:",21.0135277,105.5252615,https://diemthi.tuyensinh247.com/de-an-tuyen-sinh/dai-hoc-fpt-FPT.html,merged
DKB,Trường Đại Học Kinh Tế Kỹ Thuật Bình Dương,"Số 292 Đường Nam Kỳ Khởi Nghĩa, Phường Xuân Hòa, TP Hồ Chí Minh",,https://www.ktkt.edu.vn/,,,,https://diemthi.tuyensinh247.com/de-an-tuyen-sinh/dai-hoc-kinh-te-ky-thuat-binh-duong-DKB.html,merged
UEF,Trường Đại Học Kinh Tế Tài Chính TPHCM,"Trụ sở 141 - 145 Điện Biên Phủ, Phường Gia Định, Thành phố Hồ Chí Minh",,www.uef.edu.vn,,,,https://diemthi.tuyensinh247.com/de-an-tuyen-sinh/dai-hoc-kinh-te-tai-chinh-tphcm-UEF.html,merged
DFA,Trường Đại học Tài chính Quản trị kinh doanh,Xã Như Quỳnh - Tỉnh Hưng Yên,,https://ufba.edu.vn/,,,,https://diemthi.tuyensinh247.com/de-an-tuyen-sinh/dai-hoc-tai-chinh-quan-tri-kinh-doanh-DFA.html,merged
TTG,Trường Đại Học Tiền Giang,": Ấp Thân Bình, xã Châu Thành, tỉnh Đồng Tháp",Tỉnh Đồng Tháp,https://tgu.edu.vn/,,10.3656594,106.357926,https://diemthi.tuyensinh247.com/de-an-tuyen-sinh/dai-hoc-tien-giang-TTG.html,merged
DTE,Trường Đại học Kinh tế và Quản trị kinh doanh Thái Nguyên,Phường Phan Đình Phùng - Tỉnh Thái Nguyên,Tỉnh Thái Nguyên,http://tueba.edu.vn,,21.5900712,105.812987,https://diemthi.tuyensinh247.com/de-an-tuyen-sinh/dai-hoc-kinh-te-quan-tri-kinh-doanh-thai-nguyen-DTE.html,merged
PVU,Trường Đại Học Dầu Khí Việt Nam,"762 Cách Mạng Tháng Tám, Phường Bà Rịa, TP. Hồ Chí Minh",Thành phố Hồ Chí Minh,www.pvu.edu.vn,,10.4854632,107.1947594,https://diemthi.tuyensinh247.com/de-an-tuyen-sinh/dai-hoc-dau-khi-viet-nam-PVU.html,merged
DNT,Trường Đại Học Ngoại Ngữ Tin Học TPHCM,"828 Sư Vạn Hạnh, Phường Hòa Hưng, TP. HCM",Thủ Đức,https://huflit.edu.vn/,"Năm 2026,  HUFLIT tiếp tục áp dụng chính sách không tăng học phí toàn khóa. Mức học phí áp dụng cho sinh viên khoá 2026 như sau: | Học phí toàn khóa dự kiến tương đương 190.000.000đ/khóa học (9 học kỳ). | Toàn khóa học kéo dài từ 3 năm – 3.5 năm , tổng số tín chỉ là 135 tín chỉ (chưa bao gồm 3 tín chỉ GDQP và 4 tín chỉ GDTC).",10.7759696,106.6670189,https://diemthi.tuyensinh247.com/de-an-tuyen-sinh/dai-hoc-ngoai-ngu-tin-hoc-tphcm-DNT.html,merged
SKV,Trường Đại Học Sư Phạm Kỹ Thuật Vinh,117 - Nguyễn Viết Xuân - Phường Trường Vinh – Tỉnh Nghệ An,Tỉnh Nghệ An,https://vuted.edu.vn/,,18.6740933,105.707073,https://diemthi.tuyensinh247.com/de-an-tuyen-sinh/dai-hoc-su-pham-ky-thuat-vinh-SKV.html,merged
CEA,Trường Đại học Nghệ An,"số 51, đường Lý Tự Trọng, khối 12, Phường Vinh Phú, tỉnh Nghệ An",Tỉnh Nghệ An,https://naue.edu.vn/,,18.7086532,105.7077814,https://diemthi.tuyensinh247.com/de-an-tuyen-sinh/dai-hoc-nghe-an-CEA.html,merged
LNH,Trường Đại Học Lâm nghiệp,"Xuân Mai, thành phố Hà Nội",Thành phố Hà Nội,http://www.vnuf.edu.vn/,,20.9103383,105.5750406,https://diemthi.tuyensinh247.com/de-an-tuyen-sinh/dai-hoc-lam-nghiep-LNH.html,merged
DVH,Trường Đại Học Văn Hiến,"613 Âu Cơ, Phường Phú Trung, phường Tân Phú, TP.HCM",Thủ Đức,https://vhu.edu.vn/,,10.7841781,106.6412755,https://diemthi.tuyensinh247.com/de-an-tuyen-sinh/dai-hoc-van-hien-DVH.html,merged
DQT,Trường Đại Học Quang Trung,"327 Đào Tấn, Quy Nhơn Bắc, Gia Lai",Tỉnh Gia Lai,https://qtu.edu.vn/,,13.7989472,109.184919,https://diemthi.tuyensinh247.com/de-an-tuyen-sinh/dai-hoc-quang-trung-DQT.html,merged
HSU,Trường Đại Học Hoa Sen,"08 Nguyễn Văn Tráng, Phường Bến Thành, TP.HCM",Thuận An,https://www.hoasen.edu.vn/,,10.8566802,106.6252467,https://diemthi.tuyensinh247.com/de-an-tuyen-sinh/dai-hoc-hoa-sen-HSU.html,merged
DPT,Trường Đại Học Phan Thiết,"225 Nguyễn Thông, Phường Phú Thủy, Tỉnh Lâm Đồng",Tỉnh Lâm Đồng,upt.edu.vn hoặc ts.upt.edu.vn,,10.9411305,108.1690036,https://diemthi.tuyensinh247.com/de-an-tuyen-sinh/dai-hoc-phan-thiet-DPT.html,merged
DVP,Trường Đại Học Trưng Vương,"Số 102 Trần Phú, Phường Hà Đông, Hà Nội - CS1: Xã Tam Dương, Tỉnh Phú Thọ",Tỉnh Thanh Hóa,https://tv-uni.edu.vn/,,19.761532,105.782786,https://diemthi.tuyensinh247.com/de-an-tuyen-sinh/dai-hoc-trung-vuong-DVP.html,merged
YDD,Trường Đại Học Điều Dưỡng Nam Định,"Số 257 Hàn Thuyên, phường Nam Định, tỉnh Ninh Bình",Tỉnh Ninh Bình,http://www.ndun.edu.vn,"Học phí Thí sinh tham khảo mức học phí theo tín chỉ, tính trung bình trong cả khoá học: 540.000 đồng/tín chỉ (áp dụng đối với năm tuyển sinh 2025) Ngành Điều dưỡng: 139 tín chỉ và 08 tín chỉ GDQP-AN, 03 tín chỉ GDTC Ngành Hộ sinh: 139 tín chỉ và 08 tín chỉ GDQP-AN, 03 tín chỉ GDTC Ngành Dinh dưỡng: 135 tín chỉ và 08 tín chỉ GDQP-AN, 03 tín chỉ GDTC",20.4378618,106.1827177,https://diemthi.tuyensinh247.com/de-an-tuyen-sinh/dai-hoc-dieu-duong-nam-dinh-YDD.html,merged
THU,Trường Đại học Y khoa Tokyo Việt Nam,"SST-01, KĐT Ecopark, xã Phụng Công, tỉnh Hưng Yên, Việt Nam",Tỉnh Hưng Yên,http://tokyo-human.edu.vn/,Sinh viên nhập học năm học 2026 nộp các khoản sau:,20.9643058,105.9336311,https://diemthi.tuyensinh247.com/de-an-tuyen-sinh/dai-hoc-y-khoa-tokyo-viet-nam-THU.html,merged
DCD,Trường Đại Học Công Nghệ Đồng Nai,"Đường Nguyễn Khuyến, Khu phố 5, Phường Trảng Dài, Tỉnh Đồng Nai",Thành phố Đồng Nai,https://dntu.edu.vn/,,10.9844801,106.8696454,https://diemthi.tuyensinh247.com/de-an-tuyen-sinh/dai-hoc-cong-nghe-dong-nai-DCD.html,merged
EIU,Trường Đại Học Quốc Tế Miền Đông,"81 Nam Kỳ Khởi Nghĩa, phường Bình Dương, TP Hồ Chí Minh",Thủ Dầu Một,www.eiu.edu.vn,"Học phí TT Ngành Học phí/năm (VNĐ) 1 Kinh tế (04 chuyên ngành: Kinh tế học ứng dụng, Kinh tế quốc tế, Phân tích dữ liệu kinh tế, Kinh tế học sức khỏe) 50.000.000 2 Quản trị kinh doanh (08 chuyên ngành: Kế toán, Tài chính, Marketing, Khởi nghiệp, Quản trị nguồn nhân lực, Quản trị chuỗi cung ứng, Quản trị nhà hàng khách sạn, Phân tích kinh doanh) 50.000.000 3 Mạng máy tính và truyền thông dữ liệu 27",11.0521285,106.6661651,https://diemthi.tuyensinh247.com/de-an-tuyen-sinh/dai-hoc-quoc-te-mien-dong-EIU.html,merged
DDV,Viện nghiên cứu và đào tạo Việt Anh - Đại học Đà Nẵng,"158A Lê Lợi, P. Hải Châu, TP. Đà Nẵng",Thành phố Đà Nẵng,: https://vnuk.edu.vn/,,16.0709942,108.2200487,https://diemthi.tuyensinh247.com/de-an-tuyen-sinh/vien-nghien-cuu-va-dao-tao-viet-anh-dai-hoc-da-nang-DDV.html,merged
TDB,Trường Đại Học Thể Dục Thể Thao Bắc Ninh,"đường Nguyễn Văn Cừ, phường Đồng Nguyên, tỉnh Bắc Ninh",Tỉnh Bắc Ninh,www.upes1.edu.vn,,21.124758,105.9526714,https://diemthi.tuyensinh247.com/de-an-tuyen-sinh/dai-hoc-the-duc-the-thao-bac-ninh-TDB.html,merged
DHE,Khoa Kỹ thuật và Công nghệ - Đại học Huế,"CS1: 01 Điện Biên Phủ, phường Vĩnh Ninh, Thành phố Huế",,http://huet.hueuni.edu.vn/,,,,https://diemthi.tuyensinh247.com/de-an-tuyen-sinh/khoa-ky-thuat-va-cong-nghe-dai-hoc-hue-DHE.html,merged
DTB,Trường Đại Học Thái Bình,"Số 373, Lý Bôn, phường Trần Lãm, tỉnh Hưng Yên",Tỉnh Hưng Yên,https://tbu.edu.vn/,,20.4722054,106.3188136,https://diemthi.tuyensinh247.com/de-an-tuyen-sinh/dai-hoc-thai-binh-DTB.html,merged
HVD,Học Viện Dân Tộc,"Thôn Chi Đông 2, xã Quang Minh, Thành phố Hà Nội",Thành phố Hà Nội,https://hvdt.edu.vn/,"- Tổng chi phí đào tạo trung bình 01 sinh viên/năm của năm liền trước năm tuyển sinh không quá: 10.000.000 đồng/sinh viên/năm Mức thu học phí năm học 2026 - 2027 (theo Nghị định số 238/2025/NĐ-CP ngày 03/9/2025 của Thủ tướng Chính phủ Quy định về chính sách học phí, miễn, giảm, hỗ trợ học phí, hỗ trợ chi phí học tập và giá dịch vụ trong lĩnh vực giáo dục, đào tạo . | Lộ trình tăng học phí thực hiệ",21.0161557,105.7454681,https://diemthi.tuyensinh247.com/de-an-tuyen-sinh/hoc-vien-dan-toc-HVD.html,merged
DHT,Trường Đại Học Khoa Học Huế,"77 Nguyễn Huệ, phường Thuận Hóa, thành phố Huế",Phường Thuận Hóa,https://husc.edu.vn/,,16.4597874,107.5926169,https://diemthi.tuyensinh247.com/de-an-tuyen-sinh/dai-hoc-khoa-hoc-hue-DHT.html,merged
DTZ,Trường Đại Học Khoa Học Thái Nguyên,Phường Tân Thịnh - Thành phố Thái Nguyên,Tỉnh Thái Nguyên,https://tnus.edu.vn/,,21.5827999,105.7752074,https://diemthi.tuyensinh247.com/de-an-tuyen-sinh/dai-hoc-khoa-hoc-thai-nguyen-DTZ.html,merged
HDT,Trường Đại Học Hồng Đức,"Số 565 Quang Trung, Phường Hạc Thành, Thanh Hóa",Tỉnh Thanh Hóa,https://hdu.edu.vn/,,19.7679315,105.7793314,https://diemthi.tuyensinh247.com/de-an-tuyen-sinh/dai-hoc-hong-duc-HDT.html,merged
DNU,Trường Đại Học Đồng Nai,"Số 9, Lê Quý Đôn, P. Tam Hiệp, TP. Đồng Nai",Thành phố Đồng Nai,https://dnpu.edu.vn/,,10.9587618,106.8615164,https://diemthi.tuyensinh247.com/de-an-tuyen-sinh/dai-hoc-dong-nai-DNU.html,merged
LNS,Phân hiệu Đại Học Lâm nghiệp tại Đồng Nai,"KP.5, Phường Trảng Bom, TP. Đồng Nai",,www.vnuf2.edu.vn,,,,https://diemthi.tuyensinh247.com/de-an-tuyen-sinh/phan-hieu-dai-hoc-lam-nghiep-tai-dong-nai-LNS.html,merged
DTM,Trường Đại học Tài Nguyên và Môi Trường TPHCM,"236B Lê Văn Sỹ, P. 1, Q. Tân Bình, TP. Hồ Chí Minh",,www.hcmunre.edu.vn,,,,https://diemthi.tuyensinh247.com/de-an-tuyen-sinh/dai-hoc-tai-nguyen-va-moi-truong-tphcm-DTM.html,merged
NTU,Trường Đại Học Nguyễn Trãi,"Tòa nhà số 28A, Lê Trọng Tấn, Hà Đông, Hà Nội",Thành phố Hà Nội,www.daihocnguyentrai.edu.vn,,21.0361826,105.8159056,https://diemthi.tuyensinh247.com/de-an-tuyen-sinh/dai-hoc-nguyen-trai-NTU.html,merged
CCM,Trường Đại học Công nghiệp và Thương mại Hà Nội,xã Thuận An - thành phố Hà Nội,Tỉnh Bắc Ninh,http://www.hict.edu.vn/,,21.0281627,106.0103966,https://diemthi.tuyensinh247.com/de-an-tuyen-sinh/dai-hoc-cong-nghiep-va-thuong-mai-ha-noi-CCM.html,merged
VUI,Trường Đại Học Công Nghiệp Việt Trì,"Số 9, đường Tiên Sơn, phường Thanh Miếu, Tỉnh Phú Thọ",Tỉnh Phú Thọ,http://www.vui.edu.vn,,21.3880525,105.298084,https://diemthi.tuyensinh247.com/de-an-tuyen-sinh/dai-hoc-cong-nghiep-viet-tri-VUI.html,merged
QSP,Phân hiệu Đại học Quốc gia TPHCM tại Bến Tre,"99A, Quốc lộ 60, khu phố 1, phường Phú Tân, thành phố Bến Tre, tỉnh Bến Tre",,http://vnuhcm-cbt.edu.vn/,"Học phí bình quân dự kiến: 7.000.000 - 9.000.000 đồng/sinh viên/học kỳ (tùy theo số tín chỉ được bố trí thực tế của học kỳ). | Lộ trình tăng học phí từng năm từ năm học 2024-2025 trở đi, Phân hiệu ĐHQG-HCM thực hiện theo quy định của Chính phủ, nguyên tắc thu học phí như sau: | + Năm học 2024-2025 và năm học 2025-2026 : căn cứ Nghị định số 81/2021/NĐ-CP ngày 27/08/2021 quy định về cơ chế thu, quản",,,https://diemthi.tuyensinh247.com/de-an-tuyen-sinh/phan-hieu-dai-hoc-quoc-gia-tphcm-tai-ben-tre-QSP.html,merged
DHL,Trường Đại Học Nông Lâm Huế,"102 Phùng Hưng, Phường Phú Xuân, Thành phố Huế",Phường Phú Xuân,https://huaf.edu.vn/,,16.477353,107.5727227,https://diemthi.tuyensinh247.com/de-an-tuyen-sinh/dai-hoc-nong-lam-hue-DHL.html,merged
DTQ,Khoa Quốc Tế - Đại Học Thái Nguyên,Phường Phan Đình Phùng – TP. Thái Nguyên,,https://is.tnu.edu.vn,STT | Mã ngành | Ngành học,,,https://diemthi.tuyensinh247.com/de-an-tuyen-sinh/khoa-quoc-te-dai-hoc-thai-nguyen-DTQ.html,merged
SIU,Trường Đại học Quốc Tế Sài Gòn,"8C Tống Hữu Định, Phường An Khánh, TPHCM",Thủ Đức,www.siu.edu.vn,,10.8054975,106.7322973,https://diemthi.tuyensinh247.com/de-an-tuyen-sinh/dai-hoc-quoc-te-sai-gon-SIU.html,merged
DCA,Trường Đại học Intracom,"Cơ sở Khu đô thị Ecopark, Văn Giang, Hưng Yên",Tỉnh Hưng Yên,https://www.ecouni.vn/,,20.653859,106.0666604,https://diemthi.tuyensinh247.com/de-an-tuyen-sinh/dai-hoc-chu-van-an-DCA.html,merged
DLA,Trường Đại Học Kinh Tế Công Nghiệp Long An,"Số 938 Quốc lộ 1, Phường Khánh Hậu, tỉnh Tây Ninh",Tỉnh Tây Ninh,https://www.daihoclongan.edu.vn/,- 14.5 triệu/HK | - Không thay đổi trong suốt khóa học,10.5100407,106.381338,https://diemthi.tuyensinh247.com/de-an-tuyen-sinh/dai-hoc-kinh-te-cong-nghiep-long-an-DLA.html,merged
DBH,Trường Đại Học Quốc Tế Bắc Hà,"Đường Hồng Ân, Thị trấn Lim, Huyện Tiên Du, Tỉnh Bắc Ninh",,www.bhiu.edu.vn,,,,https://diemthi.tuyensinh247.com/de-an-tuyen-sinh/dai-hoc-quoc-te-bac-ha-DBH.html,merged
SKN,Trường Đại Học Sư Phạm Kỹ Thuật Nam Định,Đường Phù Nghĩa - Phường Thiên Trường - Tỉnh Ninh Bình,Tỉnh Ninh Bình,http://www.nute.edu.vn,,20.4493429,106.183329,https://diemthi.tuyensinh247.com/de-an-tuyen-sinh/dai-hoc-su-pham-ky-thuat-nam-dinh-SKN.html,merged
NLG,Phân hiệu Đại học Nông Lâm TPHCM tại Gia Lai,"Đường Trần Nhật Duật, Thôn 1, Xã Diên Phú, TP. Pleiku, Tỉnh Gia Lai",,https://phgl.hcmuaf.edu.vn/,,,,https://diemthi.tuyensinh247.com/de-an-tuyen-sinh/phan-hieu-dai-hoc-nong-lam-tphcm-tai-gia-lai-NLG.html,merged
DTN,Trường Đại Học Nông Lâm Thái Nguyên,"Phường Quyết Thắng, Tỉnh Thái Nguyên",Tỉnh Thái Nguyên,https://tuaf.edu.vn/,,21.5946217,105.8054965,https://diemthi.tuyensinh247.com/de-an-tuyen-sinh/dai-hoc-nong-lam-thai-nguyen-DTN.html,merged
UMT,Trường Đại học Quản lý và công nghệ TPHCM,": Số 2 Đường số 60CL, Khu phố 9, Phường Cát Lái, TP.HCM",,https://www.umt.edu.vn/vi-vn/,,,,https://diemthi.tuyensinh247.com/de-an-tuyen-sinh/dai-hoc-quan-ly-va-cong-nghe-tphcm-UMT.html,merged
DCQ,Trường Đại Học Công Nghệ và Quản Lý Hữu Nghị,"Lô 1 - 04, số 431 Tam Trinh, P. Hoàng Mai, Hà Nội",Thành phố Hà Nội,https://www.utm.edu.vn/,,20.9828259,105.8652373,https://diemthi.tuyensinh247.com/de-an-tuyen-sinh/dai-hoc-cong-nghe-va-quan-ly-huu-nghi-DCQ.html,merged
DHQ,Phân Hiệu Đại Học Huế tại Quảng Trị,Đường Điện Biên Phủ - P Đông Lương – TP Đông Hà – Tỉnh Quảng Trị,Tỉnh Quảng Trị,https://qtb.hueuni.edu.vn/,"Học phí năm học 2025-2026 của Phân hiệu Đại học Huế tại Quảng Trị được thu theo quy định tại khoản 1, điều 5 Quy định mức thu học phí, miễn giảm học phí và thanh toán giảng dạy nội bộ trong Đại học Huế từ năm học 2023 - 2024 đến năm học 2026 - 2027 ban hành kèm theo Quyết định số 535/QĐ-ĐHH ngày 15/5/2024 của Giám đốc Đại học Huế. | - Học phí năm học 2025 - 2026: Dự kiến thu từ 17.000.000/sinh viê",16.7885978,107.097419,https://diemthi.tuyensinh247.com/de-an-tuyen-sinh/phan-hieu-dai-hoc-hue-tai-quang-tri-DHQ.html,merged
TBD,Trường Đại Học Thái Bình Dương,"Số 79, đường Mai Thị Dõng, Hòn Nghê 1, phường Tây Nha Trang, tỉnh Khánh Hòa",,https://tbd.edu.vn/,,,,https://diemthi.tuyensinh247.com/de-an-tuyen-sinh/dai-hoc-thai-binh-duong-TBD.html,merged
DHV,Trường Đại học Hùng Vương TPHCM,"37 Kinh Dương Vương, phường Phú Lâm, TP HCM (CS1: 194 Lê Đức Thọ, P. An Nhơn, TP HCM; CS2: 736 Nguyễn Trãi, P. Chợ Lớn, TP.HCM;  CS3: 37 Kinh Dương Vương, P. Phú Lâm, TP.HCM)",Thủ Đức,www.hvuh.edu.vn,,10.7532728,106.6603408,https://diemthi.tuyensinh247.com/de-an-tuyen-sinh/dai-hoc-hung-vuong-tphcm-DHV.html,merged
DVB,Trường Đại Học Kinh tế công nghệ Thái Nguyên,Đường 1B- Phường Đồng Bẩm- Thành phố Thái Nguyên,Tỉnh Thái Nguyên,http://tuetech.edu.vn/,,21.6077024,105.8412381,https://diemthi.tuyensinh247.com/de-an-tuyen-sinh/dai-hoc-kinh-te-cong-nghe-thai-nguyen-DVB.html,merged
DPX,Trường Đại Học Phú Xuân,"176 Trần Phú, phường Thuận Hóa, TP. Huế",Phường Thuận Hóa,https://phuxuan.edu.vn/,,16.4507266,107.5854033,https://diemthi.tuyensinh247.com/de-an-tuyen-sinh/dai-hoc-phu-xuan-DPX.html,merged
HPU,Trường Đại học Quản lý và Công nghệ Hải Phòng,"Số 36 Dân lập, phường Lê Chân, thành phố Hải Phòng",Phường Lê Chân,http://www.hpu.edu.vn,,20.838541,106.6876522,https://diemthi.tuyensinh247.com/de-an-tuyen-sinh/dai-hoc-quan-ly-va-cong-nghe-hai-phong-HPU.html,merged
MTU,Trường Đại Học Xây Dựng Miền Tây,"Số 20B đường Phó Cơ Điều, phường Phước Hậu, tỉnh Vĩnh Long",Tỉnh Vĩnh Long,https://mtu.edu.vn/,,10.2354732,105.9621809,https://diemthi.tuyensinh247.com/de-an-tuyen-sinh/dai-hoc-xay-dung-mien-tay-MTU.html,merged
VHD,Trường Đại Học Công Nghiệp Việt - Hung,"Số 16, phố Hữu Nghị, phường Tùng Thiện, TP. Hà Nội",Thành phố Hà Nội,http://www.viu.edu.vn,,21.1116923,105.4439583,https://diemthi.tuyensinh247.com/de-an-tuyen-sinh/dai-hoc-cong-nghiep-viet-hung-VHD.html,merged
LNA,Phân hiệu Đại học Lâm nghiệp tỉnh Gia Lai,"Phường Hội Phú, Tỉnh Gia Lai",,https://vnuf3.edu.vn/,,,,https://diemthi.tuyensinh247.com/de-an-tuyen-sinh/phan-hieu-dai-hoc-lam-nghiep-tinh-gia-lai-LNA.html,merged
NHP,Học Viện Ngân Hàng (Phân Viện Phú Yên),"Số 441 đường Nguyễn Huệ, TP Tuy Hòa, tỉnh Phú Yên.",Tỉnh Đắk Lắk,https://bap.edu.vn/,"Học phí dự kiến cho năm học 2026–2027 của các chương trình là: 825.000 đồng/tín chỉ, tương đương khoảng 27,8 triệu đồng/năm học theo tiến độ học tập thông thường. Đối với các năm học còn lại của khóa học, Học viện dự kiến tăng học phí theo lộ trình được quy định tại Nghị định số 238/2025/NĐ-CP ngày 03/09/2025 của Chính phủ với mức tăng không quá 15%/năm học và tuân thủ các quy định pháp luật, văn ",13.0972433,109.3173476,https://diemthi.tuyensinh247.com/de-an-tuyen-sinh/hoc-vien-ngan-hang-phan-vien-phu-yen-NHP.html,merged
UFA,Trường Đại học Tài Chính Kế Toán,"02 Lê Quý Đôn, Tư Nghĩa, Quảng Ngãi",Tỉnh Quảng Ngãi,https://www.tckt.edu.vn/,,15.0922134,108.824975,https://diemthi.tuyensinh247.com/de-an-tuyen-sinh/-UFA.html,merged
GDU,Trường Đại Học Gia Định,"371 Nguyễn Kiệm, Phường Hạnh Thông, TP.HCM",Thủ Đức,https://giadinh.edu.vn/,Học phí đại học chính quy theo tín chỉ: từ 1.000.000 đến 1.400.000 đồng/1 tín chỉ. | Lộ trình tăng học phí tối đa không quá 8% cho từng năm.,10.8173667,106.6775227,https://diemthi.tuyensinh247.com/de-an-tuyen-sinh/dai-hoc-gia-dinh-GDU.html,merged
DDM,Trường Đại Học Công Nghiệp Quảng Ninh,"Phường Mạo Khê, Tỉnh Quảng Ninh",Tỉnh Quảng Ninh,www.qui.edu.vn,,21.0594613,106.6234518,https://diemthi.tuyensinh247.com/de-an-tuyen-sinh/dai-hoc-cong-nghiep-quang-ninh-DDM.html,merged
XDT,Trường Đại Học Xây Dựng Miền Trung,"195 Hà Huy Tập, phường Bình Kiến , tỉnh Đắk Lắk",Tỉnh Đắk Lắk,https://muce.edu.vn/,,13.1222668,109.290536,https://diemthi.tuyensinh247.com/de-an-tuyen-sinh/dai-hoc-xay-dung-mien-trung-XDT.html,merged
DSG,Trường Đại Học Công Nghệ Sài Gòn,"180 Cao Lỗ, Phường Chánh Hưng, Tp. Hồ Chí Minh",Thủ Đức,http://www.stu.edu.vn,,10.7379821,106.6779264,https://diemthi.tuyensinh247.com/de-an-tuyen-sinh/dai-hoc-cong-nghe-sai-gon-DSG.html,merged
XDN,Phân hiệu Đại học Xây dựng miền Trung tại Đà Nẵng,"544B Nguyễn Lương Bằng, phường Hải Vân, thành phố Đà Nẵng",Thành phố Đà Nẵng,http://www.mucedanang.edu.vn/app/index,,16.1014986,108.1367542,https://diemthi.tuyensinh247.com/de-an-tuyen-sinh/phan-hieu-dai-hoc-xay-dung-mien-trung-tai-da-nang-XDN.html,merged
DBG,Trường Đại học Nông Lâm Bắc Giang,Phường Việt Yên - Tỉnh Bắc Ninh,Tỉnh Bắc Ninh,http://bafu.edu.vn/tuyensinh/,,21.2859467,106.0910245,https://diemthi.tuyensinh247.com/de-an-tuyen-sinh/dai-hoc-nong-lam-bac-giang-DBG.html,merged
TTB,Trường Đại Học Tây Bắc,"Đường Đặng Thai Mai, phường Tô Hiệu, tỉnh Sơn La.",Tỉnh Sơn La,http://www.taybacuniversity.edu.vn,,21.3097376,103.9415571,https://diemthi.tuyensinh247.com/de-an-tuyen-sinh/dai-hoc-tay-bac-TTB.html,merged
TDL,Trường Đại Học Đà Lạt,"Số 01, đường Phù Đổng Thiên Vương, P. Lâm Viên, tỉnh Lâm Đồng",Tỉnh Lâm Đồng,https://dlu.edu.vn/,"Mức học phí được thu theo quy định của Nhà nước, khoảng 12 triệu đồng / 1 học kỳ đối với ngành Hóa dược; Từ 7,5 đến 9 triệu đồng / 1 học kỳ đối với các ngành khác, phù hợp với khả năng của các bậc phụ huynh. Sinh viên các ngành Sư phạm được miễn học phí và được hỗ trợ sinh hoạt phí 3,63 triệu đồng / 1 tháng theo quy định của Chính phủ.",11.9560857,108.4453785,https://diemthi.tuyensinh247.com/de-an-tuyen-sinh/dai-hoc-da-lat-TDL.html,merged
DTP,Phân Hiệu Đại Học Thái Nguyên Tại Lào Cai,Tổ 13 Bình Minh - Phường Cam Đường - Tỉnh Lào Cai,Tỉnh Lào Cai,https://laocai.tnu.edu.vn/,,22.4398132,104.0237222,https://diemthi.tuyensinh247.com/de-an-tuyen-sinh/phan-hieu-dai-hoc-thai-nguyen-tai-lao-cai-DTP.html,merged
TQU,Trường Đại học Tân Trào,"Tổ dân phố Trung Môn 16, phường Minh Xuân, tỉnh Tuyên Quang",Phường Minh Xuân,https://daihoctantrao.edu.vn/,,21.838112,105.1775589,https://diemthi.tuyensinh247.com/de-an-tuyen-sinh/dai-hoc-tan-trao-TQU.html,merged
TKG,Trường Đại học Kiên Giang,"Số 320 A - Quốc lộ 61 - TT. Minh Lương, Châu Thành - Kiên Giang",Tỉnh An Giang,https://www.vnkgu.edu.vn/trang-chu.html,,9.9146409,105.1431246,https://diemthi.tuyensinh247.com/de-an-tuyen-sinh/dai-hoc-kien-giang-TKG.html,merged
DVD,"Trường Đại Học Văn Hóa, Thể Thao Và Du Lịch Thanh Hóa","Số 561, đường Quang Trung, phường Hạc Thành, tỉnh Thanh Hóa",,https://tucst.edu.vn/,,,,https://diemthi.tuyensinh247.com/de-an-tuyen-sinh/dai-hoc-van-hoa-the-thao-va-du-lich-thanh-hoa-DVD.html,merged
DTG,Phân hiệu Đại học Thái Nguyên tại Hà Giang,Tổ 16 – Phường Nguyễn Trãi – TP. Hà Giang – Tỉnh Hà Giang.,Phường Hà Giang 1,https://hagiang.tnu.edu.vn/luu-tru/444,,22.8123623,104.9814349,https://diemthi.tuyensinh247.com/de-an-tuyen-sinh/phan-hieu-dai-hoc-thai-nguyen-tai-ha-giang-DTG.html,merged
DNB,Trường Đại Học Hoa Lư,"Đường Xuân Thành, phường Hoa Lư, tỉnh Ninh Bình.",Tỉnh Ninh Bình,hluv.edu.vn,,20.2525683,105.9504482,https://diemthi.tuyensinh247.com/de-an-tuyen-sinh/dai-hoc-hoa-lu-DNB.html,merged
LBS,Trường Đại học Nguyễn Huệ,"Trường Sĩ quan Lục quân 2, Nguyễn Hoàng, Long Đức 1, Phường Tam Phước, Ấp 8, Thành phố Đồng Nai, Việt Nam",Thành phố Đồng Nai,,,10.8796718,106.9543747,https://diemthi.tuyensinh247.com/de-an-tuyen-sinh/dai-hoc-nguyen-hue-LBS.html,merged
HVA,Học Viện Âm Nhạc Huế,"01 Lê Lợi, Thành phố Huế",Phường Thuận Hóa,https://hocvienamnhachue.edu.vn/vi/,,16.4588269,107.5779231,https://diemthi.tuyensinh247.com/de-an-tuyen-sinh/hoc-vien-am-nhac-hue-HVA.html,merged
NVH,Học Viện Âm Nhạc Quốc Gia Việt Nam,"77 Hào Nam, Ô Chợ Dừa, Hà Nội",Thành phố Hà Nội,www.vnam.edu.vn,,21.0229499,105.8261347,https://diemthi.tuyensinh247.com/de-an-tuyen-sinh/hoc-vien-am-nhac-quoc-gia-viet-nam-NVH.html,merged
NVS,Nhạc Viện TPHCM,"112 Nguyễn Du, phường Bến Thành, TP. Hồ Chí Minh",Thủ Đức,https://hcmcons.vn/,,10.7744198,106.6950257,https://diemthi.tuyensinh247.com/de-an-tuyen-sinh/nhac-vien-tphcm-NVS.html,merged
DVX,Trường Đại Học Công Nghệ Vạn Xuân,"Số 103, Nguyễn Sinh Cung, thị xã Cửa Lò, Nghệ An",Tỉnh Nghệ An,https://www.vxut.edu.vn/,,18.7882596,105.7181169,https://diemthi.tuyensinh247.com/de-an-tuyen-sinh/dai-hoc-cong-nghe-van-xuan-DVX.html,merged
DHH,Trường Đại Học Hà Hoa Tiên,"Trường Đại Học Hà hoa Tiên, Đường Đinh Tiên Hoàng, Phường Hà Nam, Tỉnh Ninh Bình, 03513, Việt Nam",Tỉnh Ninh Bình,,,20.6140711,105.9213031,https://diemthi.tuyensinh247.com/de-an-tuyen-sinh/dai-hoc-ha-hoa-tien-DHH.html,merged
MTC,Trường Đại Học Mỹ Thuật Công Nghiệp,"360 đường La Thành, phường Ô chợ Dừa, Hà Nội",Thành phố Hà Nội,www.mythuatcongnghiep.edu.vn,,21.0234248,105.8238345,https://diemthi.tuyensinh247.com/de-an-tuyen-sinh/dai-hoc-my-thuat-cong-nghiep-MTC.html,merged
MTS,Trường Đại Học Mỹ Thuật TPHCM,"05 Phan Đăng Lưu, P. Gia Định, TP Hồ Chí Minh",Thủ Đức,https://www.hcmufa.edu.vn/,,10.8023624,106.6952376,https://diemthi.tuyensinh247.com/de-an-tuyen-sinh/dai-hoc-my-thuat-tphcm-MTS.html,merged
MTH,Trường Đại Học Mỹ Thuật Việt Nam,"42 Yết Kiêu, Hoàn Kiếm, Hà Nội",Thành phố Hà Nội,http://mythuatvietnam.edu.vn/,,21.0221271,105.8424815,https://diemthi.tuyensinh247.com/de-an-tuyen-sinh/dai-hoc-my-thuat-viet-nam-MTH.html,merged
YHT,Phân hiệu Đại học Y Hà Nội tại Thanh Hóa,,,,,,,https://diemthi.tuyensinh247.com/de-an-tuyen-sinh/phan-hieu-dai-hoc-y-ha-noi-tai-thanh-hoa-YHT.html,merged
RMU,Trường Đại Học Quốc Tế RMIT Việt Nam,,,,,,,https://diemthi.tuyensinh247.com/de-an-tuyen-sinh/dai-hoc-quoc-te-rmit-viet-nam-RMU.html,merged
RHM,Trường Đại Học Răng – Hàm – Mặt,,,,,,,https://diemthi.tuyensinh247.com/de-an-tuyen-sinh/dai-hoc-rang-ham-mat-RHM.html,merged
SKD,Trường Đại Học Sân Khấu Điện Ảnh Hà Nội,"Khu Văn hóa nghệ thuật, Phường Phú Diễn, Thành phố Hà Nội",Thành phố Hà Nội,https://skda.edu.vn/,,21.0402005,105.774988,https://diemthi.tuyensinh247.com/de-an-tuyen-sinh/dai-hoc-san-khau-dien-anh-ha-noi-SKD.html,merged
CIV,Học viện Công giáo Việt Nam,,,,,,,https://diemthi.tuyensinh247.com/de-an-tuyen-sinh/hoc-vien-cong-giao-viet-nam-CIV.html,merged
ZNH,Trường Đại học Văn hóa Nghệ thuật Quân đội,"Trường Đại học Văn hóa Nghệ thuật Quân đội, 101, Đường Nguyễn Chí Thanh, Láng Hạ, Kẻ Láng, Phường Láng, Thành phố Hà Nội, 11528, Việt Nam",Thành phố Hà Nội,,,21.0172028,105.8073565,https://diemthi.tuyensinh247.com/de-an-tuyen-sinh/dai-hoc-van-hoa-nghe-thuat-quan-doi-ZNH.html,merged
LCDF,Học viện Thiết kế và Thời trang London Hà Nội,"Học viện Thiết kế và Thời trang London, Đường Tô Ngọc Vân, Quảng Bá, Phường Tây Hồ, Thành phố Hà Nội, 11214, Việt Nam",Thành phố Hà Nội,,,21.0671359,105.8209737,https://diemthi.tuyensinh247.com/de-an-tuyen-sinh/hoc-vien-thiet-ke-va-thoi-trang-london-ha-noi-LCDF.html,merged
DNV,Trường Đại học Nội vụ Hà Nội,"Trường Đại học Nội vụ Hà Nội, Đường Xuân La, Quan La, Xuân Đỉnh, Phường Xuân Đỉnh, Thành phố Hà Nội, 10264, Việt Nam",Thành phố Hà Nội,,,21.0677976,105.8035927,https://diemthi.tuyensinh247.com/de-an-tuyen-sinh/dai-hoc-noi-vu-ha-noi-DNV.html,merged
VPH,Trường Sĩ Quan Kĩ Thuật Quân Sự -  Hệ Quân sự - Đại Học Trần Đại Nghĩa,,,,"- Thí sinh trúng tuyển vào Trường Sĩ quan Kỹ thuật quân sự được Quân đội bảo đảm về ăn, ở, trang phục; không phải đóng học phí; hằng tháng tất cả học viên được cấp phụ cấp sinh hoạt, được sử dụng miễn phí cơ sở vật chất của Nhà trường cho học tập, rèn luyện, nghiên cứu khoa học; được cấp phát không thu tiền trang thiết bị, đồ dùng phục vụ học tập. - Thân nhân của học viên (bố mẹ đẻ, bố mẹ nuôi hợp",,,https://diemthi.tuyensinh247.com/de-an-tuyen-sinh/truong-si-quan-ki-thuat-quan-su-he-quan-su-dai-hoc-tran-dai-nghia-VPH.html,merged
DSD,Trường Đại Học Sân Khấu Điện Ảnh TPHCM,"Số 125 Cống Quỳnh, Phường Cầu Ông Lãnh, TP Hồ Chí Minh",,https://skdahcm.edu.vn/,,,,https://diemthi.tuyensinh247.com/de-an-tuyen-sinh/dai-hoc-san-khau-dien-anh-tphcm-DSD.html,merged
DDA,Trường Đại Học Công Nghệ Đông Á,"Khu Xuân Ổ A, Phường Võ Cường, Bắc Ninh",Thành phố Hà Nội,https://eaut.edu.vn/,– Hồ sơ và Lệ phí xét tuyển học bạ: 350.000đ/sinh viên | – Lệ phí nhập học: 50.000đ/sinh viên | – Thẻ thư viện tích hợp Thẻ gửi xe: 100.000đ/sinh viên,21.0400027,105.741891,https://diemthi.tuyensinh247.com/de-an-tuyen-sinh/dai-hoc-cong-nghe-dong-a-DDA.html,merged
BUV,Trường Đại Học Anh Quốc Việt Nam,"Lô GĐ-01, Khu đô thị Ecopark, Phụng Công, Hưng Yên",Tỉnh Hưng Yên,https://www.buv.edu.vn/,,20.9653857,105.9315862,https://diemthi.tuyensinh247.com/de-an-tuyen-sinh/dai-hoc-anh-quoc-viet-nam-BUV.html,merged
BMU,Trường Đại học Y Dược Buôn Ma Thuột,"298 Hà Huy Tập, Phường Tân An, Tỉnh Đắk Lắk",Tỉnh Đắk Lắk,https://bmtu.edu.vn/,NGÀNH TUYỂN SINH ĐÀO TẠO ĐẠI HỌC HỆ CHÍNH QUY | TT | Mã trường,12.7144798,108.0725375,https://diemthi.tuyensinh247.com/de-an-tuyen-sinh/dai-hoc-y-duoc-buon-ma-thuot-BMU.html,merged
DDG,Khoa Giáo dục thể chất Đà Nẵng,"62 Ngô Sĩ Liên, Q.Liên Chiểu, Đà Nẵng",,http://fpe.udn.vn/,Sinh viên theo học tại Khoa Giáo dục Thể chất - Đại học Đà Nẵng được miễn 100% học phí trong suốt quá trình học.,,,https://diemthi.tuyensinh247.com/de-an-tuyen-sinh/khoa-giao-duc-the-chat-da-nang-DDG.html,merged
VKU,Trường Đại học Công nghệ Thông tin và Truyền thông Việt Hàn - Đại học Đà Nẵng,": 470 Trần Đại Nghĩa, P. Ngũ Hành Sơn, Tp. Đà Nẵng",,https://vku.udn.vn/,,,,https://diemthi.tuyensinh247.com/de-an-tuyen-sinh/dai-hoc-cong-nghe-thong-tin-va-truyen-thong-viet-han-dai-hoc-da-nang-VKU.html,merged
